Detector, Descriptor, Image No., LiDAR Points size,kpt Matches Size, LiDAR TTC, Camera TTC
SHITOMASI,BRIEF,21,389,106,6.8337,10.9039
SHITOMASI,BRIEF,22,422,121,6.80636,10.9981
SHITOMASI,BRIEF,25,446,131,7.14768,9.04853
SHITOMASI,BRIEF,26,433,126,9.97707,12.6601
SHITOMASI,BRIEF,27,491,133,7.06,9.29645
SHITOMASI,BRIEF,28,506,135,12.6681,11.3327
SHITOMASI,BRIEF,28,506,270,nan,11.3892
SHITOMASI,BRIEF,29,441,122,7.25063,12.7581
SHITOMASI,BRIEF,32,573,138,10.9404,15.1609
SHITOMASI,BRIEF,33,544,134,9.22618,11.2206
SHITOMASI,BRIEF,34,591,117,7.60959,13.5328
SHITOMASI,BRIEF,35,582,117,6.59279,10.341
SHITOMASI,BRIEF,36,455,116,10.6294,10.7098
SHITOMASI,BRIEF,37,476,118,7.22569,7.98477
SHITOMASI,BRIEF,38,575,171,4.99238,9.40635
SHITOMASI,BRIEF,39,603,177,5.47658,9.66263
SHITOMASI,BRIEF,40,634,157,5.20724,7.98273
SHITOMASI,BRIEF,41,579,154,5.16145,9.80334
SHITOMASI,BRIEF,42,574,164,5.9427,7.02678
SHITOMASI,BRIEF,43,438,164,13.8227,8.41875
SHITOMASI,BRIEF,44,481,165,4.738,8.37608
SHITOMASI,BRIEF,45,564,167,5.60845,8.83802
SHITOMASI,BRIEF,46,494,164,6.54998,9.23616
SHITOMASI,BRIEF,47,500,168,6.95384,11.6053
SHITOMASI,BRIEF,48,529,151,14.9666,12.0327
SHITOMASI,BRIEF,48,529,302,nan,12.0386
SHITOMASI,BRIEF,49,468,160,-149.754,11.5507
SHITOMASI,BRIEF,49,468,320,nan,11.5632
SHITOMASI,BRIEF,50,391,160,20.3229,18.1572
SHITOMASI,BRIEF,50,391,320,nan,18.1572
SHITOMASI,BRIEF,51,393,165,29.706,17.9818
SHITOMASI,BRIEF,51,393,330,2.3088,17.9876
SHITOMASI,BRIEF,52,396,163,24.656,103.158
SHITOMASI,BRIEF,52,396,326,nan,103.593
SHITOMASI,BRIEF,53,411,170,29.486,-inf
SHITOMASI,BRIEF,53,411,340,2.32789,-inf
SHITOMASI,BRIEF,54,420,177,110.483,-inf
SHITOMASI,BRIEF,54,420,354,2.41475,-inf
SHITOMASI,BRIEF,55,419,150,-18.5127,-inf
SHITOMASI,BRIEF,55,419,300,nan,-inf
SHITOMASI,BRIEF,56,440,165,18.4127,-inf
SHITOMASI,BRIEF,56,440,330,2.31361,-inf
SHITOMASI,BRIEF,57,448,164,-23.3578,-inf
SHITOMASI,BRIEF,57,448,328,2.61059,-inf
SHITOMASI,BRIEF,58,417,158,-40.4466,-inf
SHITOMASI,BRIEF,58,417,316,2.64821,-inf
SHITOMASI,BRIEF,59,452,164,13.8031,-inf
SHITOMASI,BRIEF,59,452,328,2.44033,-inf
SHITOMASI,BRIEF,60,416,174,-15.3309,-inf
SHITOMASI,BRIEF,60,416,348,2.85,-inf
SHITOMASI,BRIEF,61,408,165,88.818,-inf
SHITOMASI,BRIEF,61,408,330,3.28962,-inf
SHITOMASI,BRIEF,62,440,174,18.404,-inf
SHITOMASI,BRIEF,62,440,348,2.31257,-inf
SHITOMASI,BRIEF,63,427,178,147.144,-inf
SHITOMASI,BRIEF,63,427,356,2.59647,-inf
SHITOMASI,BRIEF,64,418,181,-220.816,-inf
SHITOMASI,BRIEF,64,418,362,2.45333,-inf
SHITOMASI,BRIEF,65,444,178,-20.1724,-inf
SHITOMASI,BRIEF,65,444,356,2.62604,-inf
SHITOMASI,BRIEF,66,426,178,15.7498,-inf
SHITOMASI,BRIEF,66,426,356,2.60947,-inf
SHITOMASI,BRIEF,67,434,180,-63.1003,-inf
SHITOMASI,BRIEF,67,434,360,2.36203,-inf
SHITOMASI,BRIEF,68,434,178,-110.52,-inf
SHITOMASI,BRIEF,68,434,356,2.85225,-inf
SHITOMASI,BRIEF,69,428,180,-18.5207,-inf
SHITOMASI,BRIEF,69,428,360,2.88637,-inf
SHITOMASI,BRIEF,70,426,179,22.125,-inf
SHITOMASI,BRIEF,70,426,358,2.63393,-inf
SHITOMASI,BRIEF,71,442,183,29.3993,-inf
SHITOMASI,BRIEF,71,442,366,2.45,-inf
SHITOMASI,BRIEF,72,443,181,88.1064,-inf
SHITOMASI,BRIEF,72,443,362,2.47472,-inf
SHITOMASI,BRIEF,73,422,178,-220.366,-inf
SHITOMASI,BRIEF,73,422,356,2.2035,-inf
SHITOMASI,BRIEF,74,409,177,-88.238,-inf
SHITOMASI,BRIEF,74,409,354,2.61066,-inf
SHITOMASI,BRIEF,75,426,181,-147.177,-inf
SHITOMASI,BRIEF,75,426,362,2.38649,-inf
SHITOMASI,BRIEF,76,437,186,73.4828,-inf
SHITOMASI,BRIEF,76,437,372,2.27268,-inf
SHITOMASI,BRIEF,77,13,177,nan,-inf
SHITOMASI,BRIEF,77,13,354,nan,-inf
SHITOMASI,FREAK,21,389,70,6.8337,8.45622
SHITOMASI,FREAK,22,422,94,6.80636,10.4469
SHITOMASI,FREAK,25,446,99,7.14768,10.4877
SHITOMASI,FREAK,26,433,93,9.97707,13.1535
SHITOMASI,FREAK,27,491,95,7.06,10.6338
SHITOMASI,FREAK,28,506,100,12.6681,13.331
SHITOMASI,FREAK,28,506,200,nan,13.4272
SHITOMASI,FREAK,29,441,92,7.25063,11.4558
SHITOMASI,FREAK,32,573,109,10.9404,14.7151
SHITOMASI,FREAK,33,544,94,9.22618,13.2306
SHITOMASI,FREAK,34,591,80,7.60959,10.057
SHITOMASI,FREAK,35,582,87,6.59279,10.619
SHITOMASI,FREAK,36,455,81,10.6294,10.871
SHITOMASI,FREAK,37,476,86,7.22569,7.89135
SHITOMASI,FREAK,38,575,128,4.99238,8.34667
SHITOMASI,FREAK,39,603,130,5.47658,9.90526
SHITOMASI,FREAK,40,634,111,5.20724,7.66577
SHITOMASI,FREAK,41,579,112,5.16145,8.21149
SHITOMASI,FREAK,42,574,120,5.9427,7.17078
SHITOMASI,FREAK,43,438,115,13.8227,8.11532
SHITOMASI,FREAK,44,481,126,4.738,8.02167
SHITOMASI,FREAK,45,564,122,5.60845,8.65029
SHITOMASI,FREAK,46,494,126,6.54998,8.4629
SHITOMASI,FREAK,47,500,127,6.95384,12.1312
SHITOMASI,FREAK,48,529,112,14.9666,11.927
SHITOMASI,FREAK,48,529,224,nan,11.9291
SHITOMASI,FREAK,49,468,118,-149.754,12.5921
SHITOMASI,FREAK,49,468,236,nan,12.6056
SHITOMASI,FREAK,50,391,115,20.3229,19.3907
SHITOMASI,FREAK,50,391,230,nan,19.3683
SHITOMASI,FREAK,51,393,126,29.706,20.0949
SHITOMASI,FREAK,51,393,252,2.3088,20.0949
SHITOMASI,FREAK,52,396,128,24.656,1523.22
SHITOMASI,FREAK,52,396,256,nan,1620.96
SHITOMASI,FREAK,53,411,154,29.486,-inf
SHITOMASI,FREAK,53,411,308,2.32789,-inf
SHITOMASI,FREAK,54,420,150,110.483,-inf
SHITOMASI,FREAK,54,420,300,2.41475,-inf
SHITOMASI,FREAK,55,419,118,-18.5127,-inf
SHITOMASI,FREAK,55,419,236,nan,-inf
SHITOMASI,FREAK,56,440,137,18.4127,-inf
SHITOMASI,FREAK,56,440,274,2.31361,-inf
SHITOMASI,FREAK,57,448,140,-23.3578,-inf
SHITOMASI,FREAK,57,448,280,2.61059,-inf
SHITOMASI,FREAK,58,417,126,-40.4466,-inf
SHITOMASI,FREAK,58,417,252,2.64821,-inf
SHITOMASI,FREAK,59,452,129,13.8031,-inf
SHITOMASI,FREAK,59,452,258,2.44033,-inf
SHITOMASI,FREAK,60,416,153,-15.3309,-inf
SHITOMASI,FREAK,60,416,306,2.85,-inf
SHITOMASI,FREAK,61,408,141,88.818,-inf
SHITOMASI,FREAK,61,408,282,3.28962,-inf
SHITOMASI,FREAK,62,440,149,18.404,-inf
SHITOMASI,FREAK,62,440,298,2.31257,-inf
SHITOMASI,FREAK,63,427,166,147.144,-inf
SHITOMASI,FREAK,63,427,332,2.59647,-inf
SHITOMASI,FREAK,64,418,169,-220.816,-inf
SHITOMASI,FREAK,64,418,338,2.45333,-inf
SHITOMASI,FREAK,65,444,164,-20.1724,-inf
SHITOMASI,FREAK,65,444,328,2.62604,-inf
SHITOMASI,FREAK,66,426,163,15.7498,-inf
SHITOMASI,FREAK,66,426,326,2.60947,-inf
SHITOMASI,FREAK,67,434,161,-63.1003,-inf
SHITOMASI,FREAK,67,434,322,2.36203,-inf
SHITOMASI,FREAK,68,434,157,-110.52,-inf
SHITOMASI,FREAK,68,434,314,2.85225,-inf
SHITOMASI,FREAK,69,428,167,-18.5207,-inf
SHITOMASI,FREAK,69,428,334,2.88637,-inf
SHITOMASI,FREAK,70,426,159,22.125,-inf
SHITOMASI,FREAK,70,426,318,2.63393,-inf
SHITOMASI,FREAK,71,442,163,29.3993,-inf
SHITOMASI,FREAK,71,442,326,2.45,-inf
SHITOMASI,FREAK,72,443,165,88.1064,-inf
SHITOMASI,FREAK,72,443,330,2.47472,-inf
SHITOMASI,FREAK,73,422,166,-220.366,-inf
SHITOMASI,FREAK,73,422,332,2.2035,-inf
SHITOMASI,FREAK,74,409,165,-88.238,-inf
SHITOMASI,FREAK,74,409,330,2.61066,-inf
SHITOMASI,FREAK,75,426,167,-147.177,-inf
SHITOMASI,FREAK,75,426,334,2.38649,-inf
SHITOMASI,FREAK,76,437,178,73.4828,-inf
SHITOMASI,FREAK,76,437,356,2.27268,-inf
SHITOMASI,FREAK,77,13,163,nan,-inf
SHITOMASI,FREAK,77,13,326,nan,-inf
SHITOMASI,BRISK,21,389,71,6.8337,7.95092
SHITOMASI,BRISK,22,422,93,6.80636,10.0549
SHITOMASI,BRISK,25,446,97,7.14768,10.3544
SHITOMASI,BRISK,26,433,90,9.97707,9.54773
SHITOMASI,BRISK,27,491,95,7.06,10.1019
SHITOMASI,BRISK,28,506,95,12.6681,12.3299
SHITOMASI,BRISK,28,506,190,nan,12.5042
SHITOMASI,BRISK,29,441,94,7.25063,12.0386
SHITOMASI,BRISK,32,573,113,10.9404,14.6577
SHITOMASI,BRISK,33,544,105,9.22618,13.7409
SHITOMASI,BRISK,34,591,93,7.60959,12.3607
SHITOMASI,BRISK,35,582,93,6.59279,10.8053
SHITOMASI,BRISK,36,455,87,10.6294,10.809
SHITOMASI,BRISK,37,476,98,7.22569,8.9903
SHITOMASI,BRISK,38,575,128,4.99238,8.43758
SHITOMASI,BRISK,39,603,130,5.47658,10.3349
SHITOMASI,BRISK,40,634,124,5.20724,9.48765
SHITOMASI,BRISK,41,579,116,5.16145,8.69538
SHITOMASI,BRISK,42,574,118,5.9427,6.78287
SHITOMASI,BRISK,43,438,117,13.8227,7.8258
SHITOMASI,BRISK,44,481,129,4.738,8.07292
SHITOMASI,BRISK,45,564,120,5.60845,8.12629
SHITOMASI,BRISK,46,494,125,6.54998,8.46191
SHITOMASI,BRISK,47,500,128,6.95384,12.0031
SHITOMASI,BRISK,48,529,117,14.9666,12.5268
SHITOMASI,BRISK,48,529,234,nan,12.5268
SHITOMASI,BRISK,49,468,123,-149.754,12.6241
SHITOMASI,BRISK,49,468,246,nan,12.625
SHITOMASI,BRISK,50,391,122,20.3229,21.7867
SHITOMASI,BRISK,50,391,244,nan,21.7166
SHITOMASI,BRISK,51,393,128,29.706,18.4266
SHITOMASI,BRISK,51,393,256,2.3088,18.4409
SHITOMASI,BRISK,52,396,140,24.656,156.694
SHITOMASI,BRISK,52,396,280,nan,160.74
SHITOMASI,BRISK,53,411,152,29.486,-inf
SHITOMASI,BRISK,53,411,304,2.32789,-inf
SHITOMASI,BRISK,54,420,160,110.483,-inf
SHITOMASI,BRISK,54,420,320,2.41475,-inf
SHITOMASI,BRISK,55,419,124,-18.5127,-inf
SHITOMASI,BRISK,55,419,248,nan,-inf
SHITOMASI,BRISK,56,440,134,18.4127,-inf
SHITOMASI,BRISK,56,440,268,2.31361,-inf
SHITOMASI,BRISK,57,448,147,-23.3578,-inf
SHITOMASI,BRISK,57,448,294,2.61059,-inf
SHITOMASI,BRISK,58,417,134,-40.4466,-inf
SHITOMASI,BRISK,58,417,268,2.64821,-inf
SHITOMASI,BRISK,59,452,139,13.8031,-inf
SHITOMASI,BRISK,59,452,278,2.44033,-inf
SHITOMASI,BRISK,60,416,157,-15.3309,-inf
SHITOMASI,BRISK,60,416,314,2.85,-inf
SHITOMASI,BRISK,61,408,150,88.818,-inf
SHITOMASI,BRISK,61,408,300,3.28962,-inf
SHITOMASI,BRISK,62,440,151,18.404,-inf
SHITOMASI,BRISK,62,440,302,2.31257,-inf
SHITOMASI,BRISK,63,427,166,147.144,-inf
SHITOMASI,BRISK,63,427,332,2.59647,-inf
SHITOMASI,BRISK,64,418,168,-220.816,-inf
SHITOMASI,BRISK,64,418,336,2.45333,-inf
SHITOMASI,BRISK,65,444,167,-20.1724,-inf
SHITOMASI,BRISK,65,444,334,2.62604,-inf
SHITOMASI,BRISK,66,426,160,15.7498,-inf
SHITOMASI,BRISK,66,426,320,2.60947,-inf
SHITOMASI,BRISK,67,434,166,-63.1003,-inf
SHITOMASI,BRISK,67,434,332,2.36203,-inf
SHITOMASI,BRISK,68,434,160,-110.52,-inf
SHITOMASI,BRISK,68,434,320,2.85225,-inf
SHITOMASI,BRISK,69,428,165,-18.5207,-inf
SHITOMASI,BRISK,69,428,330,2.88637,-inf
SHITOMASI,BRISK,70,426,160,22.125,-inf
SHITOMASI,BRISK,70,426,320,2.63393,-inf
SHITOMASI,BRISK,71,442,163,29.3993,-inf
SHITOMASI,BRISK,71,442,326,2.45,-inf
SHITOMASI,BRISK,72,443,168,88.1064,-inf
SHITOMASI,BRISK,72,443,336,2.47472,-inf
SHITOMASI,BRISK,73,422,168,-220.366,-inf
SHITOMASI,BRISK,73,422,336,2.2035,-inf
SHITOMASI,BRISK,74,409,167,-88.238,-inf
SHITOMASI,BRISK,74,409,334,2.61066,-inf
SHITOMASI,BRISK,75,426,176,-147.177,-inf
SHITOMASI,BRISK,75,426,352,2.38649,-inf
SHITOMASI,BRISK,76,437,178,73.4828,-inf
SHITOMASI,BRISK,76,437,356,2.27268,-inf
SHITOMASI,BRISK,77,13,165,nan,-inf
SHITOMASI,BRISK,77,13,330,nan,-inf
SHITOMASI,ORB,21,389,95,6.8337,8.27165
SHITOMASI,ORB,22,422,115,6.80636,11.4368
SHITOMASI,ORB,25,446,120,7.14768,9.39797
SHITOMASI,ORB,26,433,117,9.97707,9.93227
SHITOMASI,ORB,27,491,118,7.06,10.2193
SHITOMASI,ORB,28,506,126,12.6681,11.7009
SHITOMASI,ORB,28,506,252,nan,11.7696
SHITOMASI,ORB,29,441,113,7.25063,12.3852
SHITOMASI,ORB,32,573,127,10.9404,14.2702
SHITOMASI,ORB,33,544,122,9.22618,12.0631
SHITOMASI,ORB,34,591,107,7.60959,13.0182
SHITOMASI,ORB,35,582,106,6.59279,9.95225
SHITOMASI,ORB,36,455,105,10.6294,10.1011
SHITOMASI,ORB,37,476,109,7.22569,8.73169
SHITOMASI,ORB,38,575,166,4.99238,9.57039
SHITOMASI,ORB,39,603,159,5.47658,9.11389
SHITOMASI,ORB,40,634,151,5.20724,7.88711
SHITOMASI,ORB,41,579,146,5.16145,8.95851
SHITOMASI,ORB,42,574,162,5.9427,7.08447
SHITOMASI,ORB,43,438,157,13.8227,8.21703
SHITOMASI,ORB,44,481,158,4.738,8.34265
SHITOMASI,ORB,45,564,153,5.60845,8.63661
SHITOMASI,ORB,46,494,154,6.54998,9.10505
SHITOMASI,ORB,47,500,157,6.95384,11.5965
SHITOMASI,ORB,48,529,143,14.9666,12.2084
SHITOMASI,ORB,48,529,286,nan,12.2128
SHITOMASI,ORB,49,468,154,-149.754,11.7172
SHITOMASI,ORB,49,468,308,nan,11.7338
SHITOMASI,ORB,50,391,156,20.3229,17.1282
SHITOMASI,ORB,50,391,312,nan,17.1282
SHITOMASI,ORB,51,393,155,29.706,17.8106
SHITOMASI,ORB,51,393,310,2.3088,17.8143
SHITOMASI,ORB,52,396,160,24.656,91.3618
SHITOMASI,ORB,52,396,320,nan,91.7383
SHITOMASI,ORB,53,411,164,29.486,-inf
SHITOMASI,ORB,53,411,328,2.32789,-inf
SHITOMASI,ORB,54,420,169,110.483,-inf
SHITOMASI,ORB,54,420,338,2.41475,-inf
SHITOMASI,ORB,55,419,148,-18.5127,-inf
SHITOMASI,ORB,55,419,296,nan,-inf
SHITOMASI,ORB,56,440,158,18.4127,-inf
SHITOMASI,ORB,56,440,316,2.31361,-inf
SHITOMASI,ORB,57,448,155,-23.3578,-inf
SHITOMASI,ORB,57,448,310,2.61059,-inf
SHITOMASI,ORB,58,417,149,-40.4466,-inf
SHITOMASI,ORB,58,417,298,2.64821,-inf
SHITOMASI,ORB,59,452,153,13.8031,-inf
SHITOMASI,ORB,59,452,306,2.44033,-inf
SHITOMASI,ORB,60,416,166,-15.3309,-inf
SHITOMASI,ORB,60,416,332,2.85,-inf
SHITOMASI,ORB,61,408,161,88.818,-inf
SHITOMASI,ORB,61,408,322,3.28962,-inf
SHITOMASI,ORB,62,440,165,18.404,-inf
SHITOMASI,ORB,62,440,330,2.31257,-inf
SHITOMASI,ORB,63,427,172,147.144,-inf
SHITOMASI,ORB,63,427,344,2.59647,-inf
SHITOMASI,ORB,64,418,175,-220.816,-inf
SHITOMASI,ORB,64,418,350,2.45333,-inf
SHITOMASI,ORB,65,444,174,-20.1724,-inf
SHITOMASI,ORB,65,444,348,2.62604,-inf
SHITOMASI,ORB,66,426,173,15.7498,-inf
SHITOMASI,ORB,66,426,346,2.60947,-inf
SHITOMASI,ORB,67,434,175,-63.1003,-inf
SHITOMASI,ORB,67,434,350,2.36203,-inf
SHITOMASI,ORB,68,434,173,-110.52,-inf
SHITOMASI,ORB,68,434,346,2.85225,-inf
SHITOMASI,ORB,69,428,174,-18.5207,-inf
SHITOMASI,ORB,69,428,348,2.88637,-inf
SHITOMASI,ORB,70,426,175,22.125,-inf
SHITOMASI,ORB,70,426,350,2.63393,-inf
SHITOMASI,ORB,71,442,176,29.3993,-inf
SHITOMASI,ORB,71,442,352,2.45,-inf
SHITOMASI,ORB,72,443,172,88.1064,-inf
SHITOMASI,ORB,72,443,344,2.47472,-inf
SHITOMASI,ORB,73,422,173,-220.366,-inf
SHITOMASI,ORB,73,422,346,2.2035,-inf
SHITOMASI,ORB,74,409,172,-88.238,-inf
SHITOMASI,ORB,74,409,344,2.61066,-inf
SHITOMASI,ORB,75,426,177,-147.177,-inf
SHITOMASI,ORB,75,426,354,2.38649,-inf
SHITOMASI,ORB,76,437,179,73.4828,-inf
SHITOMASI,ORB,76,437,358,2.27268,-inf
SHITOMASI,ORB,77,13,176,nan,-inf
SHITOMASI,ORB,77,13,352,nan,-inf
SHITOMASI,SIFT,21,389,102,6.8337,9.61928
SHITOMASI,SIFT,22,422,119,6.80636,11.2389
SHITOMASI,SIFT,25,446,124,7.14768,10.4477
SHITOMASI,SIFT,26,433,125,9.97707,11.3592
SHITOMASI,SIFT,27,491,126,7.06,9.73863
SHITOMASI,SIFT,28,506,137,12.6681,11.1354
SHITOMASI,SIFT,28,506,274,nan,11.1729
SHITOMASI,SIFT,29,441,121,7.25063,14.5897
SHITOMASI,SIFT,32,573,137,10.9404,14.7155
SHITOMASI,SIFT,33,544,131,9.22618,11.2389
SHITOMASI,SIFT,34,591,121,7.60959,11.0199
SHITOMASI,SIFT,35,582,121,6.59279,9.52602
SHITOMASI,SIFT,36,455,118,10.6294,10.4661
SHITOMASI,SIFT,37,476,114,7.22569,8.20302
SHITOMASI,SIFT,38,575,179,4.99238,12.0202
SHITOMASI,SIFT,39,603,176,5.47658,10.9365
SHITOMASI,SIFT,40,634,166,5.20724,9.30002
SHITOMASI,SIFT,41,579,163,5.16145,9.37324
SHITOMASI,SIFT,42,574,167,5.9427,7.02537
SHITOMASI,SIFT,43,438,167,13.8227,8.70175
SHITOMASI,SIFT,44,481,170,4.738,8.40473
SHITOMASI,SIFT,45,564,164,5.60845,8.45799
SHITOMASI,SIFT,46,494,171,6.54998,9.72449
SHITOMASI,SIFT,47,500,171,6.95384,11.3881
SHITOMASI,SIFT,48,529,157,14.9666,12.2863
SHITOMASI,SIFT,48,529,314,nan,12.2874
SHITOMASI,SIFT,49,468,162,-149.754,11.2932
SHITOMASI,SIFT,49,468,324,nan,11.3027
SHITOMASI,SIFT,50,391,161,20.3229,17.2095
SHITOMASI,SIFT,50,391,322,nan,17.2095
SHITOMASI,SIFT,51,393,168,29.706,19.9327
SHITOMASI,SIFT,51,393,336,2.3088,19.9327
SHITOMASI,SIFT,52,396,165,24.656,91.3618
SHITOMASI,SIFT,52,396,330,nan,91.7383
SHITOMASI,SIFT,53,411,168,29.486,-inf
SHITOMASI,SIFT,53,411,336,2.32789,-inf
SHITOMASI,SIFT,54,420,177,110.483,-inf
SHITOMASI,SIFT,54,420,354,2.41475,-inf
SHITOMASI,SIFT,55,419,155,-18.5127,-inf
SHITOMASI,SIFT,55,419,310,nan,-inf
SHITOMASI,SIFT,56,440,167,18.4127,-inf
SHITOMASI,SIFT,56,440,334,2.31361,-inf
SHITOMASI,SIFT,57,448,161,-23.3578,-inf
SHITOMASI,SIFT,57,448,322,2.61059,-inf
SHITOMASI,SIFT,58,417,158,-40.4466,-inf
SHITOMASI,SIFT,58,417,316,2.64821,-inf
SHITOMASI,SIFT,59,452,165,13.8031,-inf
SHITOMASI,SIFT,59,452,330,2.44033,-inf
SHITOMASI,SIFT,60,416,176,-15.3309,-inf
SHITOMASI,SIFT,60,416,352,2.85,-inf
SHITOMASI,SIFT,61,408,169,88.818,-inf
SHITOMASI,SIFT,61,408,338,3.28962,-inf
SHITOMASI,SIFT,62,440,177,18.404,-inf
SHITOMASI,SIFT,62,440,354,2.31257,-inf
SHITOMASI,SIFT,63,427,183,147.144,-inf
SHITOMASI,SIFT,63,427,366,2.59647,-inf
SHITOMASI,SIFT,64,418,176,-220.816,-inf
SHITOMASI,SIFT,64,418,352,2.45333,-inf
SHITOMASI,SIFT,65,444,186,-20.1724,-inf
SHITOMASI,SIFT,65,444,372,2.62604,-inf
SHITOMASI,SIFT,66,426,182,15.7498,-inf
SHITOMASI,SIFT,66,426,364,2.60947,-inf
SHITOMASI,SIFT,67,434,186,-63.1003,-inf
SHITOMASI,SIFT,67,434,372,2.36203,-inf
SHITOMASI,SIFT,68,434,179,-110.52,-inf
SHITOMASI,SIFT,68,434,358,2.85225,-inf
SHITOMASI,SIFT,69,428,184,-18.5207,-inf
SHITOMASI,SIFT,69,428,368,2.88637,-inf
SHITOMASI,SIFT,70,426,179,22.125,-inf
SHITOMASI,SIFT,70,426,358,2.63393,-inf
SHITOMASI,SIFT,71,442,180,29.3993,-inf
SHITOMASI,SIFT,71,442,360,2.45,-inf
SHITOMASI,SIFT,72,443,182,88.1064,-inf
SHITOMASI,SIFT,72,443,364,2.47472,-inf
SHITOMASI,SIFT,73,422,176,-220.366,-inf
SHITOMASI,SIFT,73,422,352,2.2035,-inf
SHITOMASI,SIFT,74,409,179,-88.238,-inf
SHITOMASI,SIFT,74,409,358,2.61066,-inf
SHITOMASI,SIFT,75,426,180,-147.177,-inf
SHITOMASI,SIFT,75,426,360,2.38649,-inf
SHITOMASI,SIFT,76,437,186,73.4828,-inf
SHITOMASI,SIFT,76,437,372,2.27268,-inf
SHITOMASI,SIFT,77,13,181,nan,-inf
SHITOMASI,SIFT,77,13,362,nan,-inf
HARRIS,BRIEF,21,389,14,6.8337,11.3035
HARRIS,BRIEF,22,422,14,6.80636,13.5362
HARRIS,BRIEF,25,446,19,7.14768,10.8477
HARRIS,BRIEF,26,433,19,9.97707,11.7212
HARRIS,BRIEF,27,491,34,7.06,11.8485
HARRIS,BRIEF,28,506,30,12.6681,13.9722
HARRIS,BRIEF,28,506,60,nan,14.2028
HARRIS,BRIEF,29,441,28,7.25063,17.6897
HARRIS,BRIEF,32,573,17,10.9404,-16.8087
HARRIS,BRIEF,33,544,19,9.22618,226.869
HARRIS,BRIEF,34,591,20,7.60959,27.8171
HARRIS,BRIEF,35,582,15,6.59279,85.0051
HARRIS,BRIEF,36,455,13,10.6294,12.575
HARRIS,BRIEF,37,476,26,7.22569,-0.220344
HARRIS,BRIEF,38,575,25,4.99238,10.8389
HARRIS,BRIEF,39,603,24,5.47658,12.807
HARRIS,BRIEF,40,634,26,5.20724,6.56855
HARRIS,BRIEF,41,579,26,5.16145,8.88972
HARRIS,BRIEF,42,574,25,5.9427,15.5469
HARRIS,BRIEF,43,438,26,13.8227,14.4672
HARRIS,BRIEF,44,481,30,4.738,95.3535
HARRIS,BRIEF,45,564,31,5.60845,12.7001
HARRIS,BRIEF,46,494,28,6.54998,16.2651
HARRIS,BRIEF,47,500,33,6.95384,-inf
HARRIS,BRIEF,48,529,30,14.9666,24.3356
HARRIS,BRIEF,48,529,60,nan,24.3356
HARRIS,BRIEF,49,468,30,-149.754,19.1535
HARRIS,BRIEF,49,468,60,nan,24.3702
HARRIS,BRIEF,50,391,30,20.3229,-inf
HARRIS,BRIEF,50,391,60,nan,-inf
HARRIS,BRIEF,51,393,33,29.706,-inf
HARRIS,BRIEF,51,393,66,2.3088,-inf
HARRIS,BRIEF,52,396,36,24.656,-inf
HARRIS,BRIEF,52,396,72,nan,-inf
HARRIS,BRIEF,53,411,34,29.486,-inf
HARRIS,BRIEF,53,411,68,2.32789,-inf
HARRIS,BRIEF,54,420,31,110.483,-inf
HARRIS,BRIEF,54,420,62,2.41475,-inf
HARRIS,BRIEF,55,419,29,-18.5127,-20.6496
HARRIS,BRIEF,55,419,58,nan,-20.6831
HARRIS,BRIEF,56,440,26,18.4127,-inf
HARRIS,BRIEF,56,440,52,2.31361,-inf
HARRIS,BRIEF,57,448,25,-23.3578,-inf
HARRIS,BRIEF,57,448,50,2.61059,-inf
HARRIS,BRIEF,58,417,29,-40.4466,-inf
HARRIS,BRIEF,58,417,58,2.64821,-inf
HARRIS,BRIEF,59,452,27,13.8031,-1008.82
HARRIS,BRIEF,59,452,54,2.44033,-212.483
HARRIS,BRIEF,60,416,28,-15.3309,-inf
HARRIS,BRIEF,60,416,56,2.85,-inf
HARRIS,BRIEF,61,408,30,88.818,-284.261
HARRIS,BRIEF,61,408,60,3.28962,-284.261
HARRIS,BRIEF,62,440,32,18.404,-inf
HARRIS,BRIEF,62,440,64,2.31257,-inf
HARRIS,BRIEF,63,427,31,147.144,-inf
HARRIS,BRIEF,63,427,62,2.59647,-inf
HARRIS,BRIEF,64,418,23,-220.816,-inf
HARRIS,BRIEF,64,418,46,2.45333,-inf
HARRIS,BRIEF,65,444,26,-20.1724,-inf
HARRIS,BRIEF,65,444,52,2.62604,-inf
HARRIS,BRIEF,66,426,27,15.7498,-inf
HARRIS,BRIEF,66,426,54,2.60947,-inf
HARRIS,BRIEF,67,434,27,-63.1003,-inf
HARRIS,BRIEF,67,434,54,2.36203,-inf
HARRIS,BRIEF,68,434,32,-110.52,-inf
HARRIS,BRIEF,68,434,64,2.85225,-inf
HARRIS,BRIEF,69,428,32,-18.5207,-inf
HARRIS,BRIEF,69,428,64,2.88637,-inf
HARRIS,BRIEF,70,426,26,22.125,-inf
HARRIS,BRIEF,70,426,52,2.63393,-inf
HARRIS,BRIEF,71,442,23,29.3993,-inf
HARRIS,BRIEF,71,442,46,2.45,-inf
HARRIS,BRIEF,72,443,24,88.1064,-inf
HARRIS,BRIEF,72,443,48,2.47472,-inf
HARRIS,BRIEF,73,422,24,-220.366,-inf
HARRIS,BRIEF,73,422,48,2.2035,-inf
HARRIS,BRIEF,74,409,26,-88.238,-inf
HARRIS,BRIEF,74,409,52,2.61066,-inf
HARRIS,BRIEF,75,426,26,-147.177,-inf
HARRIS,BRIEF,75,426,52,2.38649,-inf
HARRIS,BRIEF,76,437,29,73.4828,-inf
HARRIS,BRIEF,76,437,58,2.27268,-inf
HARRIS,BRIEF,77,13,26,nan,-inf
HARRIS,BRIEF,77,13,52,nan,-inf
HARRIS,FREAK,21,389,16,6.8337,12.1206
HARRIS,FREAK,22,422,12,6.80636,12.8765
HARRIS,FREAK,25,446,13,7.14768,12.8498
HARRIS,FREAK,26,433,17,9.97707,-14.9431
HARRIS,FREAK,27,491,28,7.06,12.4132
HARRIS,FREAK,28,506,24,12.6681,16.1056
HARRIS,FREAK,28,506,48,nan,15.863
HARRIS,FREAK,29,441,21,7.25063,16.3205
HARRIS,FREAK,32,573,15,10.9404,-15.5647
HARRIS,FREAK,33,544,17,9.22618,27.6295
HARRIS,FREAK,34,591,14,7.60959,15.0877
HARRIS,FREAK,35,582,15,6.59279,-0.367447
HARRIS,FREAK,36,455,11,10.6294,13.4718
HARRIS,FREAK,37,476,16,7.22569,10.9558
HARRIS,FREAK,38,575,21,4.99238,11.93
HARRIS,FREAK,39,603,20,5.47658,71.6046
HARRIS,FREAK,40,634,22,5.20724,6.41971
HARRIS,FREAK,41,579,21,5.16145,9.59043
HARRIS,FREAK,42,574,22,5.9427,11.5095
HARRIS,FREAK,43,438,22,13.8227,12.5773
HARRIS,FREAK,44,481,25,4.738,716.66
HARRIS,FREAK,45,564,25,5.60845,15.3882
HARRIS,FREAK,46,494,26,6.54998,16.3369
HARRIS,FREAK,47,500,28,6.95384,293.05
HARRIS,FREAK,48,529,25,14.9666,-inf
HARRIS,FREAK,48,529,50,nan,-inf
HARRIS,FREAK,49,468,28,-149.754,176.443
HARRIS,FREAK,49,468,56,nan,-inf
HARRIS,FREAK,50,391,25,20.3229,19.5327
HARRIS,FREAK,50,391,50,nan,19.4746
HARRIS,FREAK,51,393,32,29.706,-inf
HARRIS,FREAK,51,393,64,2.3088,-inf
HARRIS,FREAK,52,396,30,24.656,-inf
HARRIS,FREAK,52,396,60,nan,-inf
HARRIS,FREAK,53,411,30,29.486,-inf
HARRIS,FREAK,53,411,60,2.32789,-inf
HARRIS,FREAK,54,420,30,110.483,-inf
HARRIS,FREAK,54,420,60,2.41475,-inf
HARRIS,FREAK,55,419,26,-18.5127,-18.2815
HARRIS,FREAK,55,419,52,nan,-18.2815
HARRIS,FREAK,56,440,26,18.4127,-inf
HARRIS,FREAK,56,440,52,2.31361,-inf
HARRIS,FREAK,57,448,23,-23.3578,-inf
HARRIS,FREAK,57,448,46,2.61059,-inf
HARRIS,FREAK,58,417,24,-40.4466,-inf
HARRIS,FREAK,58,417,48,2.64821,-inf
HARRIS,FREAK,59,452,26,13.8031,-inf
HARRIS,FREAK,59,452,52,2.44033,-inf
HARRIS,FREAK,60,416,25,-15.3309,-inf
HARRIS,FREAK,60,416,50,2.85,-inf
HARRIS,FREAK,61,408,27,88.818,-inf
HARRIS,FREAK,61,408,54,3.28962,-inf
HARRIS,FREAK,62,440,35,18.404,-inf
HARRIS,FREAK,62,440,70,2.31257,-inf
HARRIS,FREAK,63,427,31,147.144,-inf
HARRIS,FREAK,63,427,62,2.59647,-inf
HARRIS,FREAK,64,418,23,-220.816,-inf
HARRIS,FREAK,64,418,46,2.45333,-inf
HARRIS,FREAK,65,444,24,-20.1724,-inf
HARRIS,FREAK,65,444,48,2.62604,-inf
HARRIS,FREAK,66,426,28,15.7498,-inf
HARRIS,FREAK,66,426,56,2.60947,-inf
HARRIS,FREAK,67,434,26,-63.1003,-inf
HARRIS,FREAK,67,434,52,2.36203,-inf
HARRIS,FREAK,68,434,31,-110.52,-inf
HARRIS,FREAK,68,434,62,2.85225,-inf
HARRIS,FREAK,69,428,30,-18.5207,-inf
HARRIS,FREAK,69,428,60,2.88637,-inf
HARRIS,FREAK,70,426,24,22.125,-inf
HARRIS,FREAK,70,426,48,2.63393,-inf
HARRIS,FREAK,71,442,22,29.3993,-inf
HARRIS,FREAK,71,442,44,2.45,-inf
HARRIS,FREAK,72,443,23,88.1064,-inf
HARRIS,FREAK,72,443,46,2.47472,-inf
HARRIS,FREAK,73,422,24,-220.366,-inf
HARRIS,FREAK,73,422,48,2.2035,-inf
HARRIS,FREAK,74,409,25,-88.238,-inf
HARRIS,FREAK,74,409,50,2.61066,-inf
HARRIS,FREAK,75,426,25,-147.177,-inf
HARRIS,FREAK,75,426,50,2.38649,-inf
HARRIS,FREAK,76,437,31,73.4828,-inf
HARRIS,FREAK,76,437,62,2.27268,-inf
HARRIS,FREAK,77,13,26,nan,-inf
HARRIS,FREAK,77,13,52,nan,-inf
HARRIS,BRISK,21,389,16,6.8337,12.1206
HARRIS,BRISK,22,422,11,6.80636,12.8765
HARRIS,BRISK,25,446,17,7.14768,9.87046
HARRIS,BRISK,26,433,16,9.97707,14.5189
HARRIS,BRISK,27,491,29,7.06,11.4428
HARRIS,BRISK,28,506,26,12.6681,15.863
HARRIS,BRISK,28,506,52,nan,16.1056
HARRIS,BRISK,29,441,22,7.25063,-inf
HARRIS,BRISK,32,573,17,10.9404,-14.9108
HARRIS,BRISK,33,544,14,9.22618,-16.3959
HARRIS,BRISK,34,591,16,7.60959,12.1761
HARRIS,BRISK,35,582,14,6.59279,8.52679
HARRIS,BRISK,36,455,13,10.6294,12.575
HARRIS,BRISK,37,476,17,7.22569,10.5517
HARRIS,BRISK,38,575,22,4.99238,8.35411
HARRIS,BRISK,39,603,21,5.47658,19.5351
HARRIS,BRISK,40,634,23,5.20724,6.41971
HARRIS,BRISK,41,579,22,5.16145,9.99586
HARRIS,BRISK,42,574,22,5.9427,12.4008
HARRIS,BRISK,43,438,24,13.8227,13.6672
HARRIS,BRISK,44,481,28,4.738,19.9904
HARRIS,BRISK,45,564,26,5.60845,14.0347
HARRIS,BRISK,46,494,25,6.54998,17.24
HARRIS,BRISK,47,500,25,6.95384,-inf
HARRIS,BRISK,48,529,24,14.9666,17.343
HARRIS,BRISK,48,529,48,nan,17.4077
HARRIS,BRISK,49,468,28,-149.754,154.622
HARRIS,BRISK,49,468,56,nan,176.443
HARRIS,BRISK,50,391,25,20.3229,29.8946
HARRIS,BRISK,50,391,50,nan,25.7065
HARRIS,BRISK,51,393,33,29.706,-inf
HARRIS,BRISK,51,393,66,2.3088,-inf
HARRIS,BRISK,52,396,32,24.656,-inf
HARRIS,BRISK,52,396,64,nan,-inf
HARRIS,BRISK,53,411,31,29.486,-inf
HARRIS,BRISK,53,411,62,2.32789,-inf
HARRIS,BRISK,54,420,31,110.483,-inf
HARRIS,BRISK,54,420,62,2.41475,-inf
HARRIS,BRISK,55,419,22,-18.5127,-19.606
HARRIS,BRISK,55,419,44,nan,-19.606
HARRIS,BRISK,56,440,23,18.4127,-inf
HARRIS,BRISK,56,440,46,2.31361,-inf
HARRIS,BRISK,57,448,24,-23.3578,-inf
HARRIS,BRISK,57,448,48,2.61059,-inf
HARRIS,BRISK,58,417,23,-40.4466,-inf
HARRIS,BRISK,58,417,46,2.64821,-inf
HARRIS,BRISK,59,452,22,13.8031,-inf
HARRIS,BRISK,59,452,44,2.44033,-inf
HARRIS,BRISK,60,416,25,-15.3309,-inf
HARRIS,BRISK,60,416,50,2.85,-inf
HARRIS,BRISK,61,408,28,88.818,-443.371
HARRIS,BRISK,61,408,56,3.28962,-450.315
HARRIS,BRISK,62,440,31,18.404,-inf
HARRIS,BRISK,62,440,62,2.31257,-inf
HARRIS,BRISK,63,427,31,147.144,-inf
HARRIS,BRISK,63,427,62,2.59647,-inf
HARRIS,BRISK,64,418,22,-220.816,-inf
HARRIS,BRISK,64,418,44,2.45333,-inf
HARRIS,BRISK,65,444,25,-20.1724,-inf
HARRIS,BRISK,65,444,50,2.62604,-inf
HARRIS,BRISK,66,426,27,15.7498,-inf
HARRIS,BRISK,66,426,54,2.60947,-inf
HARRIS,BRISK,67,434,26,-63.1003,-inf
HARRIS,BRISK,67,434,52,2.36203,-inf
HARRIS,BRISK,68,434,30,-110.52,-inf
HARRIS,BRISK,68,434,60,2.85225,-inf
HARRIS,BRISK,69,428,29,-18.5207,-inf
HARRIS,BRISK,69,428,58,2.88637,-inf
HARRIS,BRISK,70,426,24,22.125,-inf
HARRIS,BRISK,70,426,48,2.63393,-inf
HARRIS,BRISK,71,442,21,29.3993,-inf
HARRIS,BRISK,71,442,42,2.45,-inf
HARRIS,BRISK,72,443,23,88.1064,-inf
HARRIS,BRISK,72,443,46,2.47472,-inf
HARRIS,BRISK,73,422,24,-220.366,-inf
HARRIS,BRISK,73,422,48,2.2035,-inf
HARRIS,BRISK,74,409,24,-88.238,-inf
HARRIS,BRISK,74,409,48,2.61066,-inf
HARRIS,BRISK,75,426,25,-147.177,-inf
HARRIS,BRISK,75,426,50,2.38649,-inf
HARRIS,BRISK,76,437,29,73.4828,-inf
HARRIS,BRISK,76,437,58,2.27268,-inf
HARRIS,BRISK,77,13,25,nan,-inf
HARRIS,BRISK,77,13,50,nan,-inf
HARRIS,ORB,21,389,14,6.8337,11.3035
HARRIS,ORB,22,422,14,6.80636,9.63952
HARRIS,ORB,25,446,17,7.14768,9.87046
HARRIS,ORB,26,433,19,9.97707,12.7828
HARRIS,ORB,27,491,34,7.06,12.7389
HARRIS,ORB,28,506,30,12.6681,14.4692
HARRIS,ORB,28,506,60,nan,15.0654
HARRIS,ORB,29,441,28,7.25063,16.3205
HARRIS,ORB,32,573,17,10.9404,-16.4064
HARRIS,ORB,33,544,18,9.22618,118.111
HARRIS,ORB,34,591,20,7.60959,14.8326
HARRIS,ORB,35,582,14,6.59279,8.52679
HARRIS,ORB,36,455,14,10.6294,12.575
HARRIS,ORB,37,476,22,7.22569,14.6618
HARRIS,ORB,38,575,26,4.99238,9.47208
HARRIS,ORB,39,603,24,5.47658,12.807
HARRIS,ORB,40,634,24,5.20724,6.58775
HARRIS,ORB,41,579,26,5.16145,183.388
HARRIS,ORB,42,574,27,5.9427,98.8065
HARRIS,ORB,43,438,25,13.8227,13.6101
HARRIS,ORB,44,481,28,4.738,17.1567
HARRIS,ORB,45,564,31,5.60845,15.5788
HARRIS,ORB,46,494,28,6.54998,16.2651
HARRIS,ORB,47,500,31,6.95384,109.347
HARRIS,ORB,48,529,30,14.9666,24.3356
HARRIS,ORB,48,529,60,nan,24.3356
HARRIS,ORB,49,468,30,-149.754,19.1535
HARRIS,ORB,49,468,60,nan,24.3702
HARRIS,ORB,50,391,30,20.3229,-inf
HARRIS,ORB,50,391,60,nan,-inf
HARRIS,ORB,51,393,32,29.706,-inf
HARRIS,ORB,51,393,64,2.3088,-inf
HARRIS,ORB,52,396,34,24.656,-inf
HARRIS,ORB,52,396,68,nan,-inf
HARRIS,ORB,53,411,33,29.486,-inf
HARRIS,ORB,53,411,66,2.32789,-inf
HARRIS,ORB,54,420,31,110.483,-inf
HARRIS,ORB,54,420,62,2.41475,-inf
HARRIS,ORB,55,419,26,-18.5127,-19.6832
HARRIS,ORB,55,419,52,nan,-19.7122
HARRIS,ORB,56,440,27,18.4127,34.4912
HARRIS,ORB,56,440,54,2.31361,34.4912
HARRIS,ORB,57,448,26,-23.3578,-inf
HARRIS,ORB,57,448,52,2.61059,-inf
HARRIS,ORB,58,417,29,-40.4466,-inf
HARRIS,ORB,58,417,58,2.64821,-inf
HARRIS,ORB,59,452,25,13.8031,-200.4
HARRIS,ORB,59,452,50,2.44033,-141.078
HARRIS,ORB,60,416,26,-15.3309,-inf
HARRIS,ORB,60,416,52,2.85,-inf
HARRIS,ORB,61,408,30,88.818,-284.261
HARRIS,ORB,61,408,60,3.28962,-284.261
HARRIS,ORB,62,440,31,18.404,-inf
HARRIS,ORB,62,440,62,2.31257,-inf
HARRIS,ORB,63,427,31,147.144,-inf
HARRIS,ORB,63,427,62,2.59647,-inf
HARRIS,ORB,64,418,25,-220.816,-61.4983
HARRIS,ORB,64,418,50,2.45333,-47.7002
HARRIS,ORB,65,444,26,-20.1724,-inf
HARRIS,ORB,65,444,52,2.62604,-inf
HARRIS,ORB,66,426,28,15.7498,-inf
HARRIS,ORB,66,426,56,2.60947,-inf
HARRIS,ORB,67,434,27,-63.1003,-inf
HARRIS,ORB,67,434,54,2.36203,-inf
HARRIS,ORB,68,434,32,-110.52,-inf
HARRIS,ORB,68,434,64,2.85225,-inf
HARRIS,ORB,69,428,31,-18.5207,-inf
HARRIS,ORB,69,428,62,2.88637,-inf
HARRIS,ORB,70,426,26,22.125,-inf
HARRIS,ORB,70,426,52,2.63393,-inf
HARRIS,ORB,71,442,22,29.3993,-inf
HARRIS,ORB,71,442,44,2.45,-inf
HARRIS,ORB,72,443,24,88.1064,-inf
HARRIS,ORB,72,443,48,2.47472,-inf
HARRIS,ORB,73,422,25,-220.366,-inf
HARRIS,ORB,73,422,50,2.2035,-inf
HARRIS,ORB,74,409,26,-88.238,-inf
HARRIS,ORB,74,409,52,2.61066,-inf
HARRIS,ORB,75,426,25,-147.177,-inf
HARRIS,ORB,75,426,50,2.38649,-inf
HARRIS,ORB,76,437,29,73.4828,-inf
HARRIS,ORB,76,437,58,2.27268,-inf
HARRIS,ORB,77,13,27,nan,-inf
HARRIS,ORB,77,13,54,nan,-inf
HARRIS,SIFT,21,389,17,6.8337,11.8507
HARRIS,SIFT,22,422,19,6.80636,-inf
HARRIS,SIFT,25,446,20,7.14768,11.5
HARRIS,SIFT,26,433,19,9.97707,11.7212
HARRIS,SIFT,27,491,32,7.06,11.803
HARRIS,SIFT,28,506,33,12.6681,15.6039
HARRIS,SIFT,28,506,66,nan,14.5941
HARRIS,SIFT,29,441,29,7.25063,16.9152
HARRIS,SIFT,32,573,19,10.9404,-16.3222
HARRIS,SIFT,33,544,19,9.22618,226.869
HARRIS,SIFT,34,591,24,7.60959,8.49977
HARRIS,SIFT,35,582,14,6.59279,8.52679
HARRIS,SIFT,36,455,14,10.6294,12.575
HARRIS,SIFT,37,476,20,7.22569,8.19411
HARRIS,SIFT,38,575,25,4.99238,10.8389
HARRIS,SIFT,39,603,25,5.47658,13.0562
HARRIS,SIFT,40,634,27,5.20724,65.5287
HARRIS,SIFT,41,579,27,5.16145,17.2536
HARRIS,SIFT,42,574,26,5.9427,12.7155
HARRIS,SIFT,43,438,26,13.8227,14.4672
HARRIS,SIFT,44,481,31,4.738,-inf
HARRIS,SIFT,45,564,30,5.60845,12.8219
HARRIS,SIFT,46,494,28,6.54998,16.2651
HARRIS,SIFT,47,500,30,6.95384,18.7987
HARRIS,SIFT,48,529,31,14.9666,18.7028
HARRIS,SIFT,48,529,62,nan,18.9034
HARRIS,SIFT,49,468,30,-149.754,19.1535
HARRIS,SIFT,49,468,60,nan,24.3702
HARRIS,SIFT,50,391,29,20.3229,-inf
HARRIS,SIFT,50,391,58,nan,-inf
HARRIS,SIFT,51,393,36,29.706,-inf
HARRIS,SIFT,51,393,72,2.3088,-inf
HARRIS,SIFT,52,396,34,24.656,-inf
HARRIS,SIFT,52,396,68,nan,-inf
HARRIS,SIFT,53,411,34,29.486,-inf
HARRIS,SIFT,53,411,68,2.32789,-inf
HARRIS,SIFT,54,420,32,110.483,-inf
HARRIS,SIFT,54,420,64,2.41475,-inf
HARRIS,SIFT,55,419,29,-18.5127,-20.6496
HARRIS,SIFT,55,419,58,nan,-20.6831
HARRIS,SIFT,56,440,26,18.4127,23.5878
HARRIS,SIFT,56,440,52,2.31361,23.6092
HARRIS,SIFT,57,448,26,-23.3578,-inf
HARRIS,SIFT,57,448,52,2.61059,-inf
HARRIS,SIFT,58,417,31,-40.4466,-inf
HARRIS,SIFT,58,417,62,2.64821,-inf
HARRIS,SIFT,59,452,26,13.8031,-inf
HARRIS,SIFT,59,452,52,2.44033,-inf
HARRIS,SIFT,60,416,27,-15.3309,-inf
HARRIS,SIFT,60,416,54,2.85,-inf
HARRIS,SIFT,61,408,30,88.818,-284.261
HARRIS,SIFT,61,408,60,3.28962,-284.261
HARRIS,SIFT,62,440,32,18.404,-inf
HARRIS,SIFT,62,440,64,2.31257,-inf
HARRIS,SIFT,63,427,31,147.144,-inf
HARRIS,SIFT,63,427,62,2.59647,-inf
HARRIS,SIFT,64,418,24,-220.816,-inf
HARRIS,SIFT,64,418,48,2.45333,-inf
HARRIS,SIFT,65,444,26,-20.1724,-inf
HARRIS,SIFT,65,444,52,2.62604,-inf
HARRIS,SIFT,66,426,29,15.7498,-inf
HARRIS,SIFT,66,426,58,2.60947,-inf
HARRIS,SIFT,67,434,27,-63.1003,-inf
HARRIS,SIFT,67,434,54,2.36203,-inf
HARRIS,SIFT,68,434,32,-110.52,-inf
HARRIS,SIFT,68,434,64,2.85225,-inf
HARRIS,SIFT,69,428,31,-18.5207,-inf
HARRIS,SIFT,69,428,62,2.88637,-inf
HARRIS,SIFT,70,426,26,22.125,-inf
HARRIS,SIFT,70,426,52,2.63393,-inf
HARRIS,SIFT,71,442,23,29.3993,-inf
HARRIS,SIFT,71,442,46,2.45,-inf
HARRIS,SIFT,72,443,24,88.1064,-inf
HARRIS,SIFT,72,443,48,2.47472,-inf
HARRIS,SIFT,73,422,24,-220.366,-inf
HARRIS,SIFT,73,422,48,2.2035,-inf
HARRIS,SIFT,74,409,26,-88.238,-inf
HARRIS,SIFT,74,409,52,2.61066,-inf
HARRIS,SIFT,75,426,26,-147.177,-inf
HARRIS,SIFT,75,426,52,2.38649,-inf
HARRIS,SIFT,76,437,29,73.4828,-inf
HARRIS,SIFT,76,437,58,2.27268,-inf
HARRIS,SIFT,77,13,26,nan,-inf
HARRIS,SIFT,77,13,52,nan,-inf
FAST,BRIEF,21,389,128,6.8337,9.5622
FAST,BRIEF,22,422,132,6.80636,11.3172
FAST,BRIEF,25,446,143,7.14768,11.3736
FAST,BRIEF,26,433,158,9.97707,10.4345
FAST,BRIEF,27,491,167,7.06,14.278
FAST,BRIEF,28,506,173,12.6681,12.1694
FAST,BRIEF,28,506,346,nan,12.1331
FAST,BRIEF,29,441,154,7.25063,11.5744
FAST,BRIEF,32,573,168,10.9404,14.3505
FAST,BRIEF,33,544,176,9.22618,16.5282
FAST,BRIEF,34,591,138,7.60959,11.166
FAST,BRIEF,35,582,142,6.59279,10.5956
FAST,BRIEF,36,455,150,10.6294,8.65029
FAST,BRIEF,37,476,141,7.22569,8.68477
FAST,BRIEF,38,575,204,4.99238,10.1682
FAST,BRIEF,39,603,209,5.47658,9.62638
FAST,BRIEF,40,634,208,5.20724,8.48665
FAST,BRIEF,41,579,194,5.16145,7.94493
FAST,BRIEF,42,574,211,5.9427,7.48483
FAST,BRIEF,43,438,217,13.8227,7.45118
FAST,BRIEF,44,481,216,4.738,8.17447
FAST,BRIEF,45,564,203,5.60845,8.46313
FAST,BRIEF,46,494,195,6.54998,10.3347
FAST,BRIEF,47,500,204,6.95384,10.3894
FAST,BRIEF,48,529,188,14.9666,13.8299
FAST,BRIEF,48,529,376,nan,13.8188
FAST,BRIEF,49,468,206,-149.754,12.9963
FAST,BRIEF,49,468,412,nan,12.9963
FAST,BRIEF,50,391,210,20.3229,18.7636
FAST,BRIEF,50,391,420,nan,18.7636
FAST,BRIEF,51,393,202,29.706,18.4504
FAST,BRIEF,51,393,404,2.3088,18.4743
FAST,BRIEF,52,396,207,24.656,-inf
FAST,BRIEF,52,396,414,nan,-inf
FAST,BRIEF,53,411,233,29.486,-inf
FAST,BRIEF,53,411,466,2.32789,-inf
FAST,BRIEF,54,420,224,110.483,-inf
FAST,BRIEF,54,420,448,2.41475,-inf
FAST,BRIEF,55,419,199,-18.5127,-inf
FAST,BRIEF,55,419,398,nan,-inf
FAST,BRIEF,56,440,209,18.4127,-inf
FAST,BRIEF,56,440,418,2.31361,-inf
FAST,BRIEF,57,448,219,-23.3578,-inf
FAST,BRIEF,57,448,438,2.61059,-inf
FAST,BRIEF,58,417,208,-40.4466,-inf
FAST,BRIEF,58,417,416,2.64821,-inf
FAST,BRIEF,59,452,212,13.8031,-inf
FAST,BRIEF,59,452,424,2.44033,-inf
FAST,BRIEF,60,416,226,-15.3309,-inf
FAST,BRIEF,60,416,452,2.85,-inf
FAST,BRIEF,61,408,211,88.818,-inf
FAST,BRIEF,61,408,422,3.28962,-inf
FAST,BRIEF,62,440,206,18.404,-inf
FAST,BRIEF,62,440,412,2.31257,-inf
FAST,BRIEF,63,427,213,147.144,-inf
FAST,BRIEF,63,427,426,2.59647,-inf
FAST,BRIEF,64,418,227,-220.816,-inf
FAST,BRIEF,64,418,454,2.45333,-inf
FAST,BRIEF,65,444,223,-20.1724,-inf
FAST,BRIEF,65,444,446,2.62604,-inf
FAST,BRIEF,66,426,225,15.7498,-inf
FAST,BRIEF,66,426,450,2.60947,-inf
FAST,BRIEF,67,434,224,-63.1003,-inf
FAST,BRIEF,67,434,448,2.36203,-inf
FAST,BRIEF,68,434,232,-110.52,-inf
FAST,BRIEF,68,434,464,2.85225,-inf
FAST,BRIEF,69,428,226,-18.5207,-inf
FAST,BRIEF,69,428,452,2.88637,-inf
FAST,BRIEF,70,426,232,22.125,-inf
FAST,BRIEF,70,426,464,2.63393,-inf
FAST,BRIEF,71,442,226,29.3993,-inf
FAST,BRIEF,71,442,452,2.45,-inf
FAST,BRIEF,72,443,220,88.1064,-inf
FAST,BRIEF,72,443,440,2.47472,-inf
FAST,BRIEF,73,422,225,-220.366,-inf
FAST,BRIEF,73,422,450,2.2035,-inf
FAST,BRIEF,74,409,224,-88.238,-inf
FAST,BRIEF,74,409,448,2.61066,-inf
FAST,BRIEF,75,426,228,-147.177,-inf
FAST,BRIEF,75,426,456,2.38649,-inf
FAST,BRIEF,76,437,235,73.4828,-inf
FAST,BRIEF,76,437,470,2.27268,-inf
FAST,BRIEF,77,13,228,nan,-inf
FAST,BRIEF,77,13,456,nan,-inf
FAST,FREAK,21,389,95,6.8337,11.3411
FAST,FREAK,22,422,101,6.80636,11.2844
FAST,FREAK,25,446,94,7.14768,10.9062
FAST,FREAK,26,433,112,9.97707,12.4242
FAST,FREAK,27,491,122,7.06,12.9045
FAST,FREAK,28,506,128,12.6681,12.0137
FAST,FREAK,28,506,256,nan,12.1142
FAST,FREAK,29,441,116,7.25063,11.8049
FAST,FREAK,32,573,123,10.9404,13.0804
FAST,FREAK,33,544,123,9.22618,17.2227
FAST,FREAK,34,591,110,7.60959,11.9317
FAST,FREAK,35,582,98,6.59279,10.2286
FAST,FREAK,36,455,107,10.6294,8.82816
FAST,FREAK,37,476,104,7.22569,8.44065
FAST,FREAK,38,575,152,4.99238,9.65344
FAST,FREAK,39,603,160,5.47658,10.6194
FAST,FREAK,40,634,149,5.20724,9.55479
FAST,FREAK,41,579,149,5.16145,8.89458
FAST,FREAK,42,574,156,5.9427,8.30414
FAST,FREAK,43,438,159,13.8227,7.58696
FAST,FREAK,44,481,161,4.738,8.66266
FAST,FREAK,45,564,144,5.60845,8.41252
FAST,FREAK,46,494,143,6.54998,10.9332
FAST,FREAK,47,500,146,6.95384,11.5285
FAST,FREAK,48,529,135,14.9666,12.6536
FAST,FREAK,48,529,270,nan,12.6681
FAST,FREAK,49,468,143,-149.754,14.4892
FAST,FREAK,49,468,286,nan,14.5853
FAST,FREAK,50,391,152,20.3229,16.9003
FAST,FREAK,50,391,304,nan,16.9152
FAST,FREAK,51,393,152,29.706,20.5129
FAST,FREAK,51,393,304,2.3088,20.6238
FAST,FREAK,52,396,168,24.656,-inf
FAST,FREAK,52,396,336,nan,-inf
FAST,FREAK,53,411,198,29.486,-inf
FAST,FREAK,53,411,396,2.32789,-inf
FAST,FREAK,54,420,195,110.483,-inf
FAST,FREAK,54,420,390,2.41475,-inf
FAST,FREAK,55,419,155,-18.5127,-inf
FAST,FREAK,55,419,310,nan,-inf
FAST,FREAK,56,440,173,18.4127,-inf
FAST,FREAK,56,440,346,2.31361,-inf
FAST,FREAK,57,448,188,-23.3578,-inf
FAST,FREAK,57,448,376,2.61059,-inf
FAST,FREAK,58,417,159,-40.4466,-inf
FAST,FREAK,58,417,318,2.64821,-inf
FAST,FREAK,59,452,167,13.8031,-inf
FAST,FREAK,59,452,334,2.44033,-inf
FAST,FREAK,60,416,199,-15.3309,-inf
FAST,FREAK,60,416,398,2.85,-inf
FAST,FREAK,61,408,168,88.818,-inf
FAST,FREAK,61,408,336,3.28962,-inf
FAST,FREAK,62,440,178,18.404,-inf
FAST,FREAK,62,440,356,2.31257,-inf
FAST,FREAK,63,427,202,147.144,-inf
FAST,FREAK,63,427,404,2.59647,-inf
FAST,FREAK,64,418,202,-220.816,-inf
FAST,FREAK,64,418,404,2.45333,-inf
FAST,FREAK,65,444,213,-20.1724,-inf
FAST,FREAK,65,444,426,2.62604,-inf
FAST,FREAK,66,426,208,15.7498,-inf
FAST,FREAK,66,426,416,2.60947,-inf
FAST,FREAK,67,434,213,-63.1003,-inf
FAST,FREAK,67,434,426,2.36203,-inf
FAST,FREAK,68,434,199,-110.52,-inf
FAST,FREAK,68,434,398,2.85225,-inf
FAST,FREAK,69,428,214,-18.5207,-inf
FAST,FREAK,69,428,428,2.88637,-inf
FAST,FREAK,70,426,207,22.125,-inf
FAST,FREAK,70,426,414,2.63393,-inf
FAST,FREAK,71,442,200,29.3993,-inf
FAST,FREAK,71,442,400,2.45,-inf
FAST,FREAK,72,443,211,88.1064,-inf
FAST,FREAK,72,443,422,2.47472,-inf
FAST,FREAK,73,422,211,-220.366,-inf
FAST,FREAK,73,422,422,2.2035,-inf
FAST,FREAK,74,409,218,-88.238,-inf
FAST,FREAK,74,409,436,2.61066,-inf
FAST,FREAK,75,426,220,-147.177,-inf
FAST,FREAK,75,426,440,2.38649,-inf
FAST,FREAK,76,437,221,73.4828,-inf
FAST,FREAK,76,437,442,2.27268,-inf
FAST,FREAK,77,13,203,nan,-inf
FAST,FREAK,77,13,406,nan,-inf
FAST,BRISK,21,389,90,6.8337,11.4707
FAST,BRISK,22,422,101,6.80636,11.8409
FAST,BRISK,25,446,102,7.14768,10.8037
FAST,BRISK,26,433,121,9.97707,12.2922
FAST,BRISK,27,491,123,7.06,12.5881
FAST,BRISK,28,506,135,12.6681,12.24
FAST,BRISK,28,506,270,nan,12.2746
FAST,BRISK,29,441,124,7.25063,12.2033
FAST,BRISK,32,573,131,10.9404,13.5186
FAST,BRISK,33,544,133,9.22618,14.9877
FAST,BRISK,34,591,110,7.60959,12.0299
FAST,BRISK,35,582,111,6.59279,9.22467
FAST,BRISK,36,455,115,10.6294,8.19327
FAST,BRISK,37,476,119,7.22569,9.48731
FAST,BRISK,38,575,169,4.99238,8.7174
FAST,BRISK,39,603,170,5.47658,11.0411
FAST,BRISK,40,634,165,5.20724,10.1041
FAST,BRISK,41,579,155,5.16145,8.55533
FAST,BRISK,42,574,173,5.9427,7.71204
FAST,BRISK,43,438,180,13.8227,7.50382
FAST,BRISK,44,481,169,4.738,8.72925
FAST,BRISK,45,564,152,5.60845,8.58921
FAST,BRISK,46,494,155,6.54998,9.95533
FAST,BRISK,47,500,156,6.95384,10.1773
FAST,BRISK,48,529,157,14.9666,12.4657
FAST,BRISK,48,529,314,nan,12.4654
FAST,BRISK,49,468,164,-149.754,14.4498
FAST,BRISK,49,468,328,nan,14.5136
FAST,BRISK,50,391,175,20.3229,16.8127
FAST,BRISK,50,391,350,nan,16.8224
FAST,BRISK,51,393,169,29.706,20.7937
FAST,BRISK,51,393,338,2.3088,20.8077
FAST,BRISK,52,396,176,24.656,-inf
FAST,BRISK,52,396,352,nan,-inf
FAST,BRISK,53,411,203,29.486,-inf
FAST,BRISK,53,411,406,2.32789,-inf
FAST,BRISK,54,420,204,110.483,-inf
FAST,BRISK,54,420,408,2.41475,-inf
FAST,BRISK,55,419,171,-18.5127,-inf
FAST,BRISK,55,419,342,nan,-inf
FAST,BRISK,56,440,181,18.4127,-inf
FAST,BRISK,56,440,362,2.31361,-inf
FAST,BRISK,57,448,195,-23.3578,-inf
FAST,BRISK,57,448,390,2.61059,-inf
FAST,BRISK,58,417,172,-40.4466,-inf
FAST,BRISK,58,417,344,2.64821,-inf
FAST,BRISK,59,452,177,13.8031,-inf
FAST,BRISK,59,452,354,2.44033,-inf
FAST,BRISK,60,416,206,-15.3309,-inf
FAST,BRISK,60,416,412,2.85,-inf
FAST,BRISK,61,408,183,88.818,-inf
FAST,BRISK,61,408,366,3.28962,-inf
FAST,BRISK,62,440,180,18.404,-inf
FAST,BRISK,62,440,360,2.31257,-inf
FAST,BRISK,63,427,206,147.144,-inf
FAST,BRISK,63,427,412,2.59647,-inf
FAST,BRISK,64,418,207,-220.816,-inf
FAST,BRISK,64,418,414,2.45333,-inf
FAST,BRISK,65,444,212,-20.1724,-inf
FAST,BRISK,65,444,424,2.62604,-inf
FAST,BRISK,66,426,212,15.7498,-inf
FAST,BRISK,66,426,424,2.60947,-inf
FAST,BRISK,67,434,216,-63.1003,-inf
FAST,BRISK,67,434,432,2.36203,-inf
FAST,BRISK,68,434,203,-110.52,-inf
FAST,BRISK,68,434,406,2.85225,-inf
FAST,BRISK,69,428,214,-18.5207,-inf
FAST,BRISK,69,428,428,2.88637,-inf
FAST,BRISK,70,426,214,22.125,-inf
FAST,BRISK,70,426,428,2.63393,-inf
FAST,BRISK,71,442,206,29.3993,-inf
FAST,BRISK,71,442,412,2.45,-inf
FAST,BRISK,72,443,213,88.1064,-inf
FAST,BRISK,72,443,426,2.47472,-inf
FAST,BRISK,73,422,213,-220.366,-inf
FAST,BRISK,73,422,426,2.2035,-inf
FAST,BRISK,74,409,223,-88.238,-inf
FAST,BRISK,74,409,446,2.61066,-inf
FAST,BRISK,75,426,218,-147.177,-inf
FAST,BRISK,75,426,436,2.38649,-inf
FAST,BRISK,76,437,222,73.4828,-inf
FAST,BRISK,76,437,444,2.27268,-inf
FAST,BRISK,77,13,212,nan,-inf
FAST,BRISK,77,13,424,nan,-inf
FAST,ORB,21,389,113,6.8337,9.91264
FAST,ORB,22,422,132,6.80636,11.7077
FAST,ORB,25,446,133,7.14768,10.4195
FAST,ORB,26,433,144,9.97707,10.9652
FAST,ORB,27,491,158,7.06,13.776
FAST,ORB,28,506,169,12.6681,12.2996
FAST,ORB,28,506,338,nan,12.3426
FAST,ORB,29,441,148,7.25063,12.0267
FAST,ORB,32,573,159,10.9404,13.6413
FAST,ORB,33,544,175,9.22618,17.6451
FAST,ORB,34,591,148,7.60959,10.6677
FAST,ORB,35,582,136,6.59279,10.2021
FAST,ORB,36,455,142,10.6294,8.46098
FAST,ORB,37,476,140,7.22569,8.70099
FAST,ORB,38,575,199,4.99238,9.63991
FAST,ORB,39,603,203,5.47658,10.2061
FAST,ORB,40,634,200,5.20724,8.2227
FAST,ORB,41,579,192,5.16145,7.69306
FAST,ORB,42,574,204,5.9427,7.64695
FAST,ORB,43,438,209,13.8227,7.16909
FAST,ORB,44,481,205,4.738,8.20926
FAST,ORB,45,564,199,5.60845,8.68465
FAST,ORB,46,494,192,6.54998,10.1522
FAST,ORB,47,500,192,6.95384,9.96474
FAST,ORB,48,529,175,14.9666,12.9654
FAST,ORB,48,529,350,nan,12.9582
FAST,ORB,49,468,201,-149.754,13.5596
FAST,ORB,49,468,402,nan,13.5447
FAST,ORB,50,391,202,20.3229,17.5982
FAST,ORB,50,391,404,nan,17.5982
FAST,ORB,51,393,191,29.706,19.2259
FAST,ORB,51,393,382,2.3088,19.2521
FAST,ORB,52,396,203,24.656,-inf
FAST,ORB,52,396,406,nan,-inf
FAST,ORB,53,411,224,29.486,-inf
FAST,ORB,53,411,448,2.32789,-inf
FAST,ORB,54,420,215,110.483,-inf
FAST,ORB,54,420,430,2.41475,-inf
FAST,ORB,55,419,193,-18.5127,-inf
FAST,ORB,55,419,386,nan,-inf
FAST,ORB,56,440,197,18.4127,-inf
FAST,ORB,56,440,394,2.31361,-inf
FAST,ORB,57,448,217,-23.3578,-inf
FAST,ORB,57,448,434,2.61059,-inf
FAST,ORB,58,417,198,-40.4466,-inf
FAST,ORB,58,417,396,2.64821,-inf
FAST,ORB,59,452,211,13.8031,-inf
FAST,ORB,59,452,422,2.44033,-inf
FAST,ORB,60,416,223,-15.3309,-inf
FAST,ORB,60,416,446,2.85,-inf
FAST,ORB,61,408,208,88.818,-inf
FAST,ORB,61,408,416,3.28962,-inf
FAST,ORB,62,440,207,18.404,-inf
FAST,ORB,62,440,414,2.31257,-inf
FAST,ORB,63,427,215,147.144,-inf
FAST,ORB,63,427,430,2.59647,-inf
FAST,ORB,64,418,221,-220.816,-inf
FAST,ORB,64,418,442,2.45333,-inf
FAST,ORB,65,444,223,-20.1724,-inf
FAST,ORB,65,444,446,2.62604,-inf
FAST,ORB,66,426,225,15.7498,-inf
FAST,ORB,66,426,450,2.60947,-inf
FAST,ORB,67,434,222,-63.1003,-inf
FAST,ORB,67,434,444,2.36203,-inf
FAST,ORB,68,434,226,-110.52,-inf
FAST,ORB,68,434,452,2.85225,-inf
FAST,ORB,69,428,223,-18.5207,-inf
FAST,ORB,69,428,446,2.88637,-inf
FAST,ORB,70,426,226,22.125,-inf
FAST,ORB,70,426,452,2.63393,-inf
FAST,ORB,71,442,221,29.3993,-inf
FAST,ORB,71,442,442,2.45,-inf
FAST,ORB,72,443,215,88.1064,-inf
FAST,ORB,72,443,430,2.47472,-inf
FAST,ORB,73,422,225,-220.366,-inf
FAST,ORB,73,422,450,2.2035,-inf
FAST,ORB,74,409,221,-88.238,-inf
FAST,ORB,74,409,442,2.61066,-inf
FAST,ORB,75,426,229,-147.177,-inf
FAST,ORB,75,426,458,2.38649,-inf
FAST,ORB,76,437,233,73.4828,-inf
FAST,ORB,76,437,466,2.27268,-inf
FAST,ORB,77,13,226,nan,-inf
FAST,ORB,77,13,452,nan,-inf
FAST,SIFT,21,389,129,6.8337,10.7137
FAST,SIFT,22,422,135,6.80636,12.5013
FAST,SIFT,25,446,142,7.14768,11.1312
FAST,SIFT,26,433,161,9.97707,10.5345
FAST,SIFT,27,491,166,7.06,14.4028
FAST,SIFT,28,506,175,12.6681,12.5951
FAST,SIFT,28,506,350,nan,12.57
FAST,SIFT,29,441,152,7.25063,12.1008
FAST,SIFT,32,573,172,10.9404,14.184
FAST,SIFT,33,544,175,9.22618,14.3519
FAST,SIFT,34,591,157,7.60959,11.0545
FAST,SIFT,35,582,147,6.59279,11.2931
FAST,SIFT,36,455,155,10.6294,9.14392
FAST,SIFT,37,476,149,7.22569,9.21132
FAST,SIFT,38,575,215,4.99238,12.5611
FAST,SIFT,39,603,222,5.47658,11.2715
FAST,SIFT,40,634,208,5.20724,9.87982
FAST,SIFT,41,579,208,5.16145,8.18808
FAST,SIFT,42,574,210,5.9427,8.19475
FAST,SIFT,43,438,224,13.8227,7.05884
FAST,SIFT,44,481,218,4.738,8.63759
FAST,SIFT,45,564,215,5.60845,8.82224
FAST,SIFT,46,494,204,6.54998,10.7988
FAST,SIFT,47,500,215,6.95384,10.4863
FAST,SIFT,48,529,196,14.9666,13.5118
FAST,SIFT,48,529,392,nan,13.5066
FAST,SIFT,49,468,216,-149.754,12.9291
FAST,SIFT,49,468,432,nan,12.9275
FAST,SIFT,50,391,213,20.3229,17.8637
FAST,SIFT,50,391,426,nan,17.8637
FAST,SIFT,51,393,210,29.706,18.4267
FAST,SIFT,51,393,420,2.3088,18.4324
FAST,SIFT,52,396,214,24.656,-inf
FAST,SIFT,52,396,428,nan,-inf
FAST,SIFT,53,411,235,29.486,-inf
FAST,SIFT,53,411,470,2.32789,-inf
FAST,SIFT,54,420,229,110.483,-inf
FAST,SIFT,54,420,458,2.41475,-inf
FAST,SIFT,55,419,210,-18.5127,-inf
FAST,SIFT,55,419,420,nan,-inf
FAST,SIFT,56,440,211,18.4127,-inf
FAST,SIFT,56,440,422,2.31361,-inf
FAST,SIFT,57,448,225,-23.3578,-inf
FAST,SIFT,57,448,450,2.61059,-inf
FAST,SIFT,58,417,211,-40.4466,-inf
FAST,SIFT,58,417,422,2.64821,-inf
FAST,SIFT,59,452,215,13.8031,-inf
FAST,SIFT,59,452,430,2.44033,-inf
FAST,SIFT,60,416,234,-15.3309,-inf
FAST,SIFT,60,416,468,2.85,-inf
FAST,SIFT,61,408,220,88.818,-inf
FAST,SIFT,61,408,440,3.28962,-inf
FAST,SIFT,62,440,217,18.404,-inf
FAST,SIFT,62,440,434,2.31257,-inf
FAST,SIFT,63,427,222,147.144,-inf
FAST,SIFT,63,427,444,2.59647,-inf
FAST,SIFT,64,418,230,-220.816,-inf
FAST,SIFT,64,418,460,2.45333,-inf
FAST,SIFT,65,444,231,-20.1724,-inf
FAST,SIFT,65,444,462,2.62604,-inf
FAST,SIFT,66,426,232,15.7498,-inf
FAST,SIFT,66,426,464,2.60947,-inf
FAST,SIFT,67,434,230,-63.1003,-inf
FAST,SIFT,67,434,460,2.36203,-inf
FAST,SIFT,68,434,236,-110.52,-inf
FAST,SIFT,68,434,472,2.85225,-inf
FAST,SIFT,69,428,228,-18.5207,-inf
FAST,SIFT,69,428,456,2.88637,-inf
FAST,SIFT,70,426,237,22.125,-inf
FAST,SIFT,70,426,474,2.63393,-inf
FAST,SIFT,71,442,230,29.3993,-inf
FAST,SIFT,71,442,460,2.45,-inf
FAST,SIFT,72,443,223,88.1064,-inf
FAST,SIFT,72,443,446,2.47472,-inf
FAST,SIFT,73,422,228,-220.366,-inf
FAST,SIFT,73,422,456,2.2035,-inf
FAST,SIFT,74,409,232,-88.238,-inf
FAST,SIFT,74,409,464,2.61066,-inf
FAST,SIFT,75,426,233,-147.177,-inf
FAST,SIFT,75,426,466,2.38649,-inf
FAST,SIFT,76,437,240,73.4828,-inf
FAST,SIFT,76,437,480,2.27268,-inf
FAST,SIFT,77,13,235,nan,-inf
FAST,SIFT,77,13,470,nan,-inf
BRISK,BRIEF,21,389,230,6.8337,9.20336
BRISK,BRIEF,22,422,229,6.80636,10.7477
BRISK,BRIEF,25,446,218,7.14768,10.9447
BRISK,BRIEF,26,433,251,9.97707,10.6169
BRISK,BRIEF,27,491,252,7.06,18.7416
BRISK,BRIEF,28,506,255,12.6681,14.1242
BRISK,BRIEF,28,506,510,nan,14.1837
BRISK,BRIEF,29,441,235,7.25063,12.9673
BRISK,BRIEF,32,573,243,10.9404,16.2088
BRISK,BRIEF,33,544,245,9.22618,17.1534
BRISK,BRIEF,34,591,251,7.60959,11.3166
BRISK,BRIEF,35,582,231,6.59279,10.794
BRISK,BRIEF,36,455,248,10.6294,9.51646
BRISK,BRIEF,37,476,216,7.22569,8.87001
BRISK,BRIEF,38,575,324,4.99238,10.9231
BRISK,BRIEF,39,603,322,5.47658,10.27
BRISK,BRIEF,40,634,311,5.20724,8.62123
BRISK,BRIEF,41,579,291,5.16145,8.19304
BRISK,BRIEF,42,574,338,5.9427,7.4119
BRISK,BRIEF,43,438,315,13.8227,9.27068
BRISK,BRIEF,44,481,315,4.738,7.88693
BRISK,BRIEF,45,564,297,5.60845,8.90843
BRISK,BRIEF,46,494,291,6.54998,10.5496
BRISK,BRIEF,47,500,310,6.95384,11.5829
BRISK,BRIEF,48,529,285,14.9666,13.1313
BRISK,BRIEF,48,529,570,nan,13.1184
BRISK,BRIEF,49,468,301,-149.754,12.6206
BRISK,BRIEF,49,468,602,nan,12.6221
BRISK,BRIEF,50,391,306,20.3229,19.0629
BRISK,BRIEF,50,391,612,nan,19.0725
BRISK,BRIEF,51,393,325,29.706,26.5557
BRISK,BRIEF,51,393,650,2.3088,26.6232
BRISK,BRIEF,52,396,330,24.656,72.173
BRISK,BRIEF,52,396,660,nan,72.3562
BRISK,BRIEF,53,411,344,29.486,125.907
BRISK,BRIEF,53,411,688,2.32789,125.258
BRISK,BRIEF,54,420,359,110.483,-180.453
BRISK,BRIEF,54,420,718,2.41475,-180.877
BRISK,BRIEF,55,419,303,-18.5127,-101.453
BRISK,BRIEF,55,419,606,nan,-101.869
BRISK,BRIEF,56,440,295,18.4127,161.024
BRISK,BRIEF,56,440,590,2.31361,161.479
BRISK,BRIEF,57,448,347,-23.3578,990.472
BRISK,BRIEF,57,448,694,2.61059,1085.98
BRISK,BRIEF,58,417,296,-40.4466,-171.412
BRISK,BRIEF,58,417,592,2.64821,-172.032
BRISK,BRIEF,59,452,318,13.8031,-157.032
BRISK,BRIEF,59,452,636,2.44033,-157.928
BRISK,BRIEF,60,416,354,-15.3309,-1232.28
BRISK,BRIEF,60,416,708,2.85,-1272.6
BRISK,BRIEF,61,408,318,88.818,-407.086
BRISK,BRIEF,61,408,636,3.28962,-400.024
BRISK,BRIEF,62,440,337,18.404,-263.105
BRISK,BRIEF,62,440,674,2.31257,-266.842
BRISK,BRIEF,63,427,367,147.144,-627.673
BRISK,BRIEF,63,427,734,2.59647,-628.134
BRISK,BRIEF,64,418,332,-220.816,-560.517
BRISK,BRIEF,64,418,664,2.45333,-556.168
BRISK,BRIEF,65,444,354,-20.1724,-1643.85
BRISK,BRIEF,65,444,708,2.62604,-1548.65
BRISK,BRIEF,66,426,357,15.7498,-505.863
BRISK,BRIEF,66,426,714,2.60947,-508.104
BRISK,BRIEF,67,434,360,-63.1003,-272.186
BRISK,BRIEF,67,434,720,2.36203,-272.965
BRISK,BRIEF,68,434,356,-110.52,-1615.16
BRISK,BRIEF,68,434,712,2.85225,-1615.16
BRISK,BRIEF,69,428,354,-18.5207,-434.258
BRISK,BRIEF,69,428,708,2.88637,-431.919
BRISK,BRIEF,70,426,373,22.125,-972.342
BRISK,BRIEF,70,426,746,2.63393,-956.184
BRISK,BRIEF,71,442,371,29.3993,-1479.63
BRISK,BRIEF,71,442,742,2.45,-1507.33
BRISK,BRIEF,72,443,357,88.1064,1584.36
BRISK,BRIEF,72,443,714,2.47472,1574.59
BRISK,BRIEF,73,422,362,-220.366,-2882.61
BRISK,BRIEF,73,422,724,2.2035,-2842.59
BRISK,BRIEF,74,409,378,-88.238,-10012.9
BRISK,BRIEF,74,409,756,2.61066,-10662.9
BRISK,BRIEF,75,426,382,-147.177,14521.3
BRISK,BRIEF,75,426,764,2.38649,12762.3
BRISK,BRIEF,76,437,363,73.4828,12539.7
BRISK,BRIEF,76,437,726,2.27268,15639.2
BRISK,BRIEF,77,13,378,nan,-3766.83
BRISK,BRIEF,77,13,756,nan,-3972.76
BRISK,FREAK,21,389,173,6.8337,11.581
BRISK,FREAK,22,422,189,6.80636,10.3202
BRISK,FREAK,25,446,190,7.14768,13.9209
BRISK,FREAK,26,433,218,9.97707,11.9167
BRISK,FREAK,27,491,212,7.06,13.518
BRISK,FREAK,28,506,216,12.6681,12.2937
BRISK,FREAK,28,506,432,nan,12.3004
BRISK,FREAK,29,441,221,7.25063,13.1123
BRISK,FREAK,32,573,212,10.9404,21.3787
BRISK,FREAK,33,544,217,9.22618,16.4037
BRISK,FREAK,34,591,204,7.60959,13.0743
BRISK,FREAK,35,582,194,6.59279,10.6272
BRISK,FREAK,36,455,209,10.6294,10.4505
BRISK,FREAK,37,476,184,7.22569,8.44088
BRISK,FREAK,38,575,270,4.99238,10.1444
BRISK,FREAK,39,603,281,5.47658,10.5095
BRISK,FREAK,40,634,257,5.20724,10.3622
BRISK,FREAK,41,579,246,5.16145,9.72525
BRISK,FREAK,42,574,259,5.9427,7.52917
BRISK,FREAK,43,438,252,13.8227,7.99766
BRISK,FREAK,44,481,271,4.738,8.5919
BRISK,FREAK,45,564,243,5.60845,10.0661
BRISK,FREAK,46,494,231,6.54998,10.9167
BRISK,FREAK,47,500,251,6.95384,12.6103
BRISK,FREAK,48,529,244,14.9666,13.285
BRISK,FREAK,48,529,488,nan,13.3421
BRISK,FREAK,49,468,243,-149.754,14.8566
BRISK,FREAK,49,468,486,nan,14.9436
BRISK,FREAK,50,391,254,20.3229,20.6325
BRISK,FREAK,50,391,508,nan,20.6523
BRISK,FREAK,51,393,257,29.706,25.7419
BRISK,FREAK,51,393,514,2.3088,25.7279
BRISK,FREAK,52,396,271,24.656,48.9909
BRISK,FREAK,52,396,542,nan,49.0473
BRISK,FREAK,53,411,313,29.486,143.932
BRISK,FREAK,53,411,626,2.32789,143.928
BRISK,FREAK,54,420,306,110.483,-201.92
BRISK,FREAK,54,420,612,2.41475,-202.248
BRISK,FREAK,55,419,248,-18.5127,-59.9925
BRISK,FREAK,55,419,496,nan,-59.5933
BRISK,FREAK,56,440,240,18.4127,-601.478
BRISK,FREAK,56,440,480,2.31361,-554.809
BRISK,FREAK,57,448,285,-23.3578,1260.69
BRISK,FREAK,57,448,570,2.61059,1432.87
BRISK,FREAK,58,417,243,-40.4466,-167.718
BRISK,FREAK,58,417,486,2.64821,-168.665
BRISK,FREAK,59,452,249,13.8031,-283.137
BRISK,FREAK,59,452,498,2.44033,-286.892
BRISK,FREAK,60,416,305,-15.3309,-974.211
BRISK,FREAK,60,416,610,2.85,-961.555
BRISK,FREAK,61,408,267,88.818,-175.191
BRISK,FREAK,61,408,534,3.28962,-171.243
BRISK,FREAK,62,440,275,18.404,-262.594
BRISK,FREAK,62,440,550,2.31257,-252.139
BRISK,FREAK,63,427,310,147.144,-740.497
BRISK,FREAK,63,427,620,2.59647,-741.326
BRISK,FREAK,64,418,293,-220.816,-389.329
BRISK,FREAK,64,418,586,2.45333,-388.022
BRISK,FREAK,65,444,302,-20.1724,-656.57
BRISK,FREAK,65,444,604,2.62604,-649.501
BRISK,FREAK,66,426,307,15.7498,-360.672
BRISK,FREAK,66,426,614,2.60947,-361.793
BRISK,FREAK,67,434,305,-63.1003,-622.986
BRISK,FREAK,67,434,610,2.36203,-628.695
BRISK,FREAK,68,434,304,-110.52,-398.251
BRISK,FREAK,68,434,608,2.85225,-398.251
BRISK,FREAK,69,428,321,-18.5207,-345.235
BRISK,FREAK,69,428,642,2.88637,-342.36
BRISK,FREAK,70,426,324,22.125,-538.141
BRISK,FREAK,70,426,648,2.63393,-527.741
BRISK,FREAK,71,442,313,29.3993,-650.917
BRISK,FREAK,71,442,626,2.45,-655.689
BRISK,FREAK,72,443,320,88.1064,1476.38
BRISK,FREAK,72,443,640,2.47472,1477.42
BRISK,FREAK,73,422,329,-220.366,-3196.66
BRISK,FREAK,73,422,658,2.2035,-3077.09
BRISK,FREAK,74,409,334,-88.238,18721
BRISK,FREAK,74,409,668,2.61066,16287.5
BRISK,FREAK,75,426,332,-147.177,3110.92
BRISK,FREAK,75,426,664,2.38649,2973.24
BRISK,FREAK,76,437,333,73.4828,-5286.38
BRISK,FREAK,76,437,666,2.27268,-4576.1
BRISK,FREAK,77,13,330,nan,2086.96
BRISK,FREAK,77,13,660,nan,2021.68
BRISK,BRISK,21,389,178,6.8337,10.5314
BRISK,BRISK,22,422,205,6.80636,10.509
BRISK,BRISK,25,446,196,7.14768,9.86926
BRISK,BRISK,26,433,229,9.97707,11.7252
BRISK,BRISK,27,491,219,7.06,15.3784
BRISK,BRISK,28,506,235,12.6681,12.2931
BRISK,BRISK,28,506,470,nan,12.3011
BRISK,BRISK,29,441,219,7.25063,13.2387
BRISK,BRISK,32,573,222,10.9404,20.756
BRISK,BRISK,33,544,215,9.22618,17.4895
BRISK,BRISK,34,591,211,7.60959,13.6827
BRISK,BRISK,35,582,216,6.59279,10.0453
BRISK,BRISK,36,455,224,10.6294,9.37477
BRISK,BRISK,37,476,201,7.22569,8.45688
BRISK,BRISK,38,575,267,4.99238,10.4481
BRISK,BRISK,39,603,290,5.47658,10.396
BRISK,BRISK,40,634,291,5.20724,10.5289
BRISK,BRISK,41,579,254,5.16145,8.16241
BRISK,BRISK,42,574,288,5.9427,7.8007
BRISK,BRISK,43,438,290,13.8227,8.39943
BRISK,BRISK,44,481,296,4.738,8.64555
BRISK,BRISK,45,564,276,5.60845,9.88861
BRISK,BRISK,46,494,284,6.54998,10.3531
BRISK,BRISK,47,500,273,6.95384,10.8563
BRISK,BRISK,48,529,263,14.9666,12.2995
BRISK,BRISK,48,529,526,nan,12.2949
BRISK,BRISK,49,468,278,-149.754,13.5004
BRISK,BRISK,49,468,556,nan,13.5023
BRISK,BRISK,50,391,278,20.3229,19.7208
BRISK,BRISK,50,391,556,nan,19.7499
BRISK,BRISK,51,393,285,29.706,25.7011
BRISK,BRISK,51,393,570,2.3088,25.7194
BRISK,BRISK,52,396,307,24.656,48.8981
BRISK,BRISK,52,396,614,nan,48.9534
BRISK,BRISK,53,411,354,29.486,156.797
BRISK,BRISK,53,411,708,2.32789,156.696
BRISK,BRISK,54,420,352,110.483,-172.478
BRISK,BRISK,54,420,704,2.41475,-172.758
BRISK,BRISK,55,419,279,-18.5127,-72.4991
BRISK,BRISK,55,419,558,nan,-71.6469
BRISK,BRISK,56,440,274,18.4127,-605.298
BRISK,BRISK,56,440,548,2.31361,-589.165
BRISK,BRISK,57,448,351,-23.3578,-796.841
BRISK,BRISK,57,448,702,2.61059,-813.593
BRISK,BRISK,58,417,300,-40.4466,-178.434
BRISK,BRISK,58,417,600,2.64821,-177.822
BRISK,BRISK,59,452,290,13.8031,-275.356
BRISK,BRISK,59,452,580,2.44033,-280.691
BRISK,BRISK,60,416,359,-15.3309,-757.955
BRISK,BRISK,60,416,718,2.85,-743.894
BRISK,BRISK,61,408,303,88.818,-758.723
BRISK,BRISK,61,408,606,3.28962,-741.117
BRISK,BRISK,62,440,320,18.404,-308.209
BRISK,BRISK,62,440,640,2.31257,-297.99
BRISK,BRISK,63,427,388,147.144,-719.318
BRISK,BRISK,63,427,776,2.59647,-720.412
BRISK,BRISK,64,418,351,-220.816,-552.927
BRISK,BRISK,64,418,702,2.45333,-550.05
BRISK,BRISK,65,444,378,-20.1724,-872.013
BRISK,BRISK,65,444,756,2.62604,-857.711
BRISK,BRISK,66,426,382,15.7498,-454.23
BRISK,BRISK,66,426,764,2.60947,-455.618
BRISK,BRISK,67,434,366,-63.1003,-492.78
BRISK,BRISK,67,434,732,2.36203,-495.755
BRISK,BRISK,68,434,363,-110.52,-851.129
BRISK,BRISK,68,434,726,2.85225,-825.391
BRISK,BRISK,69,428,384,-18.5207,-580.789
BRISK,BRISK,69,428,768,2.88637,-577.509
BRISK,BRISK,70,426,388,22.125,-824.707
BRISK,BRISK,70,426,776,2.63393,-808.531
BRISK,BRISK,71,442,366,29.3993,-1437.92
BRISK,BRISK,71,442,732,2.45,-1452.1
BRISK,BRISK,72,443,387,88.1064,1888.84
BRISK,BRISK,72,443,774,2.47472,1869.84
BRISK,BRISK,73,422,390,-220.366,-1979.5
BRISK,BRISK,73,422,780,2.2035,-1927.13
BRISK,BRISK,74,409,405,-88.238,35938.6
BRISK,BRISK,74,409,810,2.61066,28518.8
BRISK,BRISK,75,426,398,-147.177,7305.56
BRISK,BRISK,75,426,796,2.38649,6748.55
BRISK,BRISK,76,437,398,73.4828,-inf
BRISK,BRISK,76,437,796,2.27268,-inf
BRISK,BRISK,77,13,402,nan,2285.53
BRISK,BRISK,77,13,804,nan,2219.02
BRISK,ORB,21,389,172,6.8337,10.1357
BRISK,ORB,22,422,199,6.80636,12.2827
BRISK,ORB,25,446,194,7.14768,12.6203
BRISK,ORB,26,433,211,9.97707,14.1774
BRISK,ORB,27,491,202,7.06,14.8492
BRISK,ORB,28,506,228,12.6681,13.5379
BRISK,ORB,28,506,456,nan,13.653
BRISK,ORB,29,441,219,7.25063,15.6085
BRISK,ORB,32,573,203,10.9404,14.9874
BRISK,ORB,33,544,210,9.22618,19.3663
BRISK,ORB,34,591,199,7.60959,12.2796
BRISK,ORB,35,582,211,6.59279,11.0887
BRISK,ORB,36,455,215,10.6294,9.95679
BRISK,ORB,37,476,194,7.22569,10.4937
BRISK,ORB,38,575,253,4.99238,9.71402
BRISK,ORB,39,603,277,5.47658,9.61111
BRISK,ORB,40,634,275,5.20724,10.3273
BRISK,ORB,41,579,245,5.16145,8.43294
BRISK,ORB,42,574,279,5.9427,7.53662
BRISK,ORB,43,438,268,13.8227,8.28449
BRISK,ORB,44,481,281,4.738,8.28976
BRISK,ORB,45,564,270,5.60845,10.0815
BRISK,ORB,46,494,257,6.54998,10.6495
BRISK,ORB,47,500,249,6.95384,10.9391
BRISK,ORB,48,529,254,14.9666,13.5362
BRISK,ORB,48,529,508,nan,13.5336
BRISK,ORB,49,468,278,-149.754,14.4661
BRISK,ORB,49,468,556,nan,14.5311
BRISK,ORB,50,391,279,20.3229,21.2799
BRISK,ORB,50,391,558,nan,21.3007
BRISK,ORB,51,393,282,29.706,25.6368
BRISK,ORB,51,393,564,2.3088,25.6537
BRISK,ORB,52,396,295,24.656,51.0495
BRISK,ORB,52,396,590,nan,51.1216
BRISK,ORB,53,411,342,29.486,145.356
BRISK,ORB,53,411,684,2.32789,145.346
BRISK,ORB,54,420,341,110.483,-242.243
BRISK,ORB,54,420,682,2.41475,-242.677
BRISK,ORB,55,419,258,-18.5127,-109.075
BRISK,ORB,55,419,516,nan,-109.295
BRISK,ORB,56,440,263,18.4127,-1208.76
BRISK,ORB,56,440,526,2.31361,-1107.12
BRISK,ORB,57,448,333,-23.3578,1944.78
BRISK,ORB,57,448,666,2.61059,1898.17
BRISK,ORB,58,417,286,-40.4466,-175.516
BRISK,ORB,58,417,572,2.64821,-176.907
BRISK,ORB,59,452,287,13.8031,-719.164
BRISK,ORB,59,452,574,2.44033,-744.502
BRISK,ORB,60,416,355,-15.3309,-902.887
BRISK,ORB,60,416,710,2.85,-853.376
BRISK,ORB,61,408,289,88.818,-304.752
BRISK,ORB,61,408,578,3.28962,-299.666
BRISK,ORB,62,440,311,18.404,-351.296
BRISK,ORB,62,440,622,2.31257,-337.252
BRISK,ORB,63,427,377,147.144,-621.65
BRISK,ORB,63,427,754,2.59647,-624.262
BRISK,ORB,64,418,338,-220.816,-743.073
BRISK,ORB,64,418,676,2.45333,-736.642
BRISK,ORB,65,444,376,-20.1724,-1746.09
BRISK,ORB,65,444,752,2.62604,-1705.14
BRISK,ORB,66,426,377,15.7498,-338.73
BRISK,ORB,66,426,754,2.60947,-339.423
BRISK,ORB,67,434,361,-63.1003,-417.002
BRISK,ORB,67,434,722,2.36203,-420.715
BRISK,ORB,68,434,342,-110.52,-845.198
BRISK,ORB,68,434,684,2.85225,-845.198
BRISK,ORB,69,428,391,-18.5207,-412.997
BRISK,ORB,69,428,782,2.88637,-409.343
BRISK,ORB,70,426,384,22.125,-804.333
BRISK,ORB,70,426,768,2.63393,-798.982
BRISK,ORB,71,442,371,29.3993,-1104.19
BRISK,ORB,71,442,742,2.45,-1114.84
BRISK,ORB,72,443,380,88.1064,2578.19
BRISK,ORB,72,443,760,2.47472,2549.12
BRISK,ORB,73,422,388,-220.366,-1600.58
BRISK,ORB,73,422,776,2.2035,-1570.76
BRISK,ORB,74,409,403,-88.238,-16046.9
BRISK,ORB,74,409,806,2.61066,-12229.5
BRISK,ORB,75,426,394,-147.177,3378.76
BRISK,ORB,75,426,788,2.38649,3216.81
BRISK,ORB,76,437,394,73.4828,-14217.1
BRISK,ORB,76,437,788,2.27268,-10456.5
BRISK,ORB,77,13,391,nan,9751.37
BRISK,ORB,77,13,782,nan,12728.6
BRISK,SIFT,21,389,186,6.8337,10.884
BRISK,SIFT,22,422,211,6.80636,11.6711
BRISK,SIFT,25,446,220,7.14768,11.1961
BRISK,SIFT,26,433,244,9.97707,15.3324
BRISK,SIFT,27,491,255,7.06,21.5008
BRISK,SIFT,28,506,260,12.6681,17.6535
BRISK,SIFT,28,506,520,nan,17.6747
BRISK,SIFT,29,441,240,7.25063,16.5311
BRISK,SIFT,32,573,223,10.9404,21.3347
BRISK,SIFT,33,544,229,9.22618,24.2085
BRISK,SIFT,34,591,227,7.60959,16.3035
BRISK,SIFT,35,582,234,6.59279,10.9341
BRISK,SIFT,36,455,227,10.6294,9.22542
BRISK,SIFT,37,476,198,7.22569,9.8649
BRISK,SIFT,38,575,304,4.99238,12.017
BRISK,SIFT,39,603,322,5.47658,9.90126
BRISK,SIFT,40,634,302,5.20724,11.9448
BRISK,SIFT,41,579,280,5.16145,8.9548
BRISK,SIFT,42,574,299,5.9427,6.75245
BRISK,SIFT,43,438,301,13.8227,8.88735
BRISK,SIFT,44,481,309,4.738,9.83234
BRISK,SIFT,45,564,285,5.60845,8.8696
BRISK,SIFT,46,494,279,6.54998,9.55121
BRISK,SIFT,47,500,275,6.95384,11.5975
BRISK,SIFT,48,529,263,14.9666,13.119
BRISK,SIFT,48,529,526,nan,13.1158
BRISK,SIFT,49,468,281,-149.754,15.0757
BRISK,SIFT,49,468,562,nan,15.0832
BRISK,SIFT,50,391,294,20.3229,21.2132
BRISK,SIFT,50,391,588,nan,21.225
BRISK,SIFT,51,393,325,29.706,28.453
BRISK,SIFT,51,393,650,2.3088,28.4393
BRISK,SIFT,52,396,301,24.656,62.1323
BRISK,SIFT,52,396,602,nan,62.2372
BRISK,SIFT,53,411,346,29.486,170.533
BRISK,SIFT,53,411,692,2.32789,170.102
BRISK,SIFT,54,420,362,110.483,-172.701
BRISK,SIFT,54,420,724,2.41475,-172.957
BRISK,SIFT,55,419,252,-18.5127,-67.555
BRISK,SIFT,55,419,504,nan,-67.2444
BRISK,SIFT,56,440,290,18.4127,-185.115
BRISK,SIFT,56,440,580,2.31361,-183.304
BRISK,SIFT,57,448,363,-23.3578,-2377.45
BRISK,SIFT,57,448,726,2.61059,-2442.89
BRISK,SIFT,58,417,303,-40.4466,-250.827
BRISK,SIFT,58,417,606,2.64821,-245.863
BRISK,SIFT,59,452,312,13.8031,-219.634
BRISK,SIFT,59,452,624,2.44033,-214.143
BRISK,SIFT,60,416,370,-15.3309,-1809.1
BRISK,SIFT,60,416,740,2.85,-1878.8
BRISK,SIFT,61,408,328,88.818,-293.356
BRISK,SIFT,61,408,656,3.28962,-289.862
BRISK,SIFT,62,440,329,18.404,-337.495
BRISK,SIFT,62,440,658,2.31257,-343.011
BRISK,SIFT,63,427,387,147.144,-851.966
BRISK,SIFT,63,427,774,2.59647,-856.828
BRISK,SIFT,64,418,362,-220.816,-640.364
BRISK,SIFT,64,418,724,2.45333,-633.756
BRISK,SIFT,65,444,383,-20.1724,-1730.18
BRISK,SIFT,65,444,766,2.62604,-1675.19
BRISK,SIFT,66,426,385,15.7498,-344.287
BRISK,SIFT,66,426,770,2.60947,-341.698
BRISK,SIFT,67,434,375,-63.1003,-543.616
BRISK,SIFT,67,434,750,2.36203,-545.21
BRISK,SIFT,68,434,374,-110.52,-734.417
BRISK,SIFT,68,434,748,2.85225,-727.403
BRISK,SIFT,69,428,389,-18.5207,-515.474
BRISK,SIFT,69,428,778,2.88637,-513.2
BRISK,SIFT,70,426,388,22.125,-799.328
BRISK,SIFT,70,426,776,2.63393,-790.828
BRISK,SIFT,71,442,396,29.3993,-6964.99
BRISK,SIFT,71,442,792,2.45,-7411.97
BRISK,SIFT,72,443,393,88.1064,2218.74
BRISK,SIFT,72,443,786,2.47472,2216.33
BRISK,SIFT,73,422,398,-220.366,-1253.71
BRISK,SIFT,73,422,796,2.2035,-1251.32
BRISK,SIFT,74,409,408,-88.238,-inf
BRISK,SIFT,74,409,816,2.61066,173525
BRISK,SIFT,75,426,411,-147.177,4908.49
BRISK,SIFT,75,426,822,2.38649,4526.24
BRISK,SIFT,76,437,401,73.4828,146844
BRISK,SIFT,76,437,802,2.27268,-inf
BRISK,SIFT,77,13,401,nan,13296.2
BRISK,SIFT,77,13,802,nan,11366.6
ORB,BRIEF,21,389,40,6.8337,10.6597
ORB,BRIEF,22,422,50,6.80636,14.9094
ORB,BRIEF,25,446,51,7.14768,41.7652
ORB,BRIEF,26,433,50,9.97707,12.7807
ORB,BRIEF,27,491,44,7.06,36.4935
ORB,BRIEF,28,506,71,12.6681,60.0628
ORB,BRIEF,28,506,142,nan,60.0628
ORB,BRIEF,29,441,56,7.25063,-inf
ORB,BRIEF,32,573,65,10.9404,19.5335
ORB,BRIEF,33,544,50,9.22618,16.6394
ORB,BRIEF,34,591,50,7.60959,13.5829
ORB,BRIEF,35,582,41,6.59279,9.02256
ORB,BRIEF,36,455,32,10.6294,8.10315
ORB,BRIEF,37,476,21,7.22569,20.5718
ORB,BRIEF,38,575,52,4.99238,12.8479
ORB,BRIEF,39,603,75,5.47658,31.7537
ORB,BRIEF,40,634,83,5.20724,28.1542
ORB,BRIEF,41,579,85,5.16145,23.4656
ORB,BRIEF,42,574,65,5.9427,11.9511
ORB,BRIEF,43,438,63,13.8227,9.81136
ORB,BRIEF,44,481,66,4.738,-inf
ORB,BRIEF,45,564,79,5.60845,11.0018
ORB,BRIEF,46,494,82,6.54998,39.9852
ORB,BRIEF,47,500,86,6.95384,380.66
ORB,BRIEF,48,529,85,14.9666,-inf
ORB,BRIEF,48,529,170,nan,-inf
ORB,BRIEF,49,468,79,-149.754,-inf
ORB,BRIEF,49,468,158,nan,-inf
ORB,BRIEF,50,391,86,20.3229,66.0718
ORB,BRIEF,50,391,172,nan,72.1239
ORB,BRIEF,51,393,87,29.706,-inf
ORB,BRIEF,51,393,174,2.3088,-inf
ORB,BRIEF,52,396,94,24.656,-inf
ORB,BRIEF,52,396,188,nan,-inf
ORB,BRIEF,53,411,80,29.486,-inf
ORB,BRIEF,53,411,160,2.32789,-inf
ORB,BRIEF,54,420,78,110.483,-inf
ORB,BRIEF,54,420,156,2.41475,-inf
ORB,BRIEF,55,419,74,-18.5127,-50.9354
ORB,BRIEF,55,419,148,nan,-51.3299
ORB,BRIEF,56,440,75,18.4127,-53.6321
ORB,BRIEF,56,440,150,2.31361,-53.3763
ORB,BRIEF,57,448,83,-23.3578,-inf
ORB,BRIEF,57,448,166,2.61059,-inf
ORB,BRIEF,58,417,74,-40.4466,-inf
ORB,BRIEF,58,417,148,2.64821,-inf
ORB,BRIEF,59,452,71,13.8031,-inf
ORB,BRIEF,59,452,142,2.44033,-inf
ORB,BRIEF,60,416,94,-15.3309,-inf
ORB,BRIEF,60,416,188,2.85,-inf
ORB,BRIEF,61,408,88,88.818,-inf
ORB,BRIEF,61,408,176,3.28962,-inf
ORB,BRIEF,62,440,86,18.404,-inf
ORB,BRIEF,62,440,172,2.31257,-inf
ORB,BRIEF,63,427,94,147.144,-inf
ORB,BRIEF,63,427,188,2.59647,-inf
ORB,BRIEF,64,418,97,-220.816,-inf
ORB,BRIEF,64,418,194,2.45333,-inf
ORB,BRIEF,65,444,92,-20.1724,-inf
ORB,BRIEF,65,444,184,2.62604,-inf
ORB,BRIEF,66,426,97,15.7498,-inf
ORB,BRIEF,66,426,194,2.60947,-inf
ORB,BRIEF,67,434,96,-63.1003,-inf
ORB,BRIEF,67,434,192,2.36203,-inf
ORB,BRIEF,68,434,87,-110.52,-inf
ORB,BRIEF,68,434,174,2.85225,-inf
ORB,BRIEF,69,428,94,-18.5207,-inf
ORB,BRIEF,69,428,188,2.88637,-inf
ORB,BRIEF,70,426,93,22.125,-inf
ORB,BRIEF,70,426,186,2.63393,-inf
ORB,BRIEF,71,442,93,29.3993,-inf
ORB,BRIEF,71,442,186,2.45,-inf
ORB,BRIEF,72,443,87,88.1064,-inf
ORB,BRIEF,72,443,174,2.47472,-inf
ORB,BRIEF,73,422,93,-220.366,-inf
ORB,BRIEF,73,422,186,2.2035,-inf
ORB,BRIEF,74,409,95,-88.238,-inf
ORB,BRIEF,74,409,190,2.61066,-inf
ORB,BRIEF,75,426,90,-147.177,-inf
ORB,BRIEF,75,426,180,2.38649,-inf
ORB,BRIEF,76,437,98,73.4828,-inf
ORB,BRIEF,76,437,196,2.27268,-inf
ORB,BRIEF,77,13,107,nan,-inf
ORB,BRIEF,77,13,214,nan,-inf
ORB,FREAK,21,389,28,6.8337,-inf
ORB,FREAK,22,422,35,6.80636,12.7598
ORB,FREAK,25,446,39,7.14768,-13.99
ORB,FREAK,26,433,45,9.97707,-inf
ORB,FREAK,27,491,43,7.06,-25.3414
ORB,FREAK,28,506,49,12.6681,-17.112
ORB,FREAK,28,506,98,nan,-17.416
ORB,FREAK,29,441,46,7.25063,-13.0802
ORB,FREAK,32,573,38,10.9404,-inf
ORB,FREAK,33,544,43,9.22618,-22.7474
ORB,FREAK,34,591,29,7.60959,-47.7982
ORB,FREAK,35,582,26,6.59279,11.6989
ORB,FREAK,36,455,28,10.6294,7.0803
ORB,FREAK,37,476,17,7.22569,34.0645
ORB,FREAK,38,575,50,4.99238,25.4358
ORB,FREAK,39,603,50,5.47658,35.4745
ORB,FREAK,40,634,48,5.20724,-inf
ORB,FREAK,41,579,53,5.16145,-18.5298
ORB,FREAK,42,574,49,5.9427,-inf
ORB,FREAK,43,438,43,13.8227,-55.1083
ORB,FREAK,44,481,52,4.738,-inf
ORB,FREAK,45,564,48,5.60845,13.4122
ORB,FREAK,46,494,53,6.54998,-60.4187
ORB,FREAK,47,500,55,6.95384,-130.452
ORB,FREAK,48,529,59,14.9666,-19.4476
ORB,FREAK,48,529,118,nan,-19.8844
ORB,FREAK,49,468,56,-149.754,-16.4237
ORB,FREAK,49,468,112,nan,-16.5482
ORB,FREAK,50,391,53,20.3229,-inf
ORB,FREAK,50,391,106,nan,-inf
ORB,FREAK,51,393,54,29.706,-87.0144
ORB,FREAK,51,393,108,2.3088,-87.0144
ORB,FREAK,52,396,51,24.656,-18.5206
ORB,FREAK,52,396,102,nan,-18.5206
ORB,FREAK,53,411,51,29.486,-inf
ORB,FREAK,53,411,102,2.32789,-inf
ORB,FREAK,54,420,57,110.483,-inf
ORB,FREAK,54,420,114,2.41475,-inf
ORB,FREAK,55,419,52,-18.5127,-107.15
ORB,FREAK,55,419,104,nan,-107.15
ORB,FREAK,56,440,56,18.4127,-inf
ORB,FREAK,56,440,112,2.31361,-inf
ORB,FREAK,57,448,51,-23.3578,-inf
ORB,FREAK,57,448,102,2.61059,-inf
ORB,FREAK,58,417,51,-40.4466,-inf
ORB,FREAK,58,417,102,2.64821,-inf
ORB,FREAK,59,452,54,13.8031,-inf
ORB,FREAK,59,452,108,2.44033,-inf
ORB,FREAK,60,416,58,-15.3309,-484.45
ORB,FREAK,60,416,116,2.85,-473.73
ORB,FREAK,61,408,49,88.818,-inf
ORB,FREAK,61,408,98,3.28962,-inf
ORB,FREAK,62,440,52,18.404,-inf
ORB,FREAK,62,440,104,2.31257,-inf
ORB,FREAK,63,427,56,147.144,-inf
ORB,FREAK,63,427,112,2.59647,-inf
ORB,FREAK,64,418,54,-220.816,-inf
ORB,FREAK,64,418,108,2.45333,-inf
ORB,FREAK,65,444,56,-20.1724,-inf
ORB,FREAK,65,444,112,2.62604,-inf
ORB,FREAK,66,426,55,15.7498,-inf
ORB,FREAK,66,426,110,2.60947,-inf
ORB,FREAK,67,434,57,-63.1003,-inf
ORB,FREAK,67,434,114,2.36203,-inf
ORB,FREAK,68,434,54,-110.52,-inf
ORB,FREAK,68,434,108,2.85225,-inf
ORB,FREAK,69,428,54,-18.5207,-inf
ORB,FREAK,69,428,108,2.88637,-inf
ORB,FREAK,70,426,55,22.125,-inf
ORB,FREAK,70,426,110,2.63393,-inf
ORB,FREAK,71,442,55,29.3993,-inf
ORB,FREAK,71,442,110,2.45,-inf
ORB,FREAK,72,443,54,88.1064,-inf
ORB,FREAK,72,443,108,2.47472,-inf
ORB,FREAK,73,422,53,-220.366,-inf
ORB,FREAK,73,422,106,2.2035,-inf
ORB,FREAK,74,409,53,-88.238,-inf
ORB,FREAK,74,409,106,2.61066,-inf
ORB,FREAK,75,426,54,-147.177,-inf
ORB,FREAK,75,426,108,2.38649,-inf
ORB,FREAK,76,437,56,73.4828,-inf
ORB,FREAK,76,437,112,2.27268,-inf
ORB,FREAK,77,13,55,nan,-inf
ORB,FREAK,77,13,110,nan,-inf
ORB,BRISK,21,389,58,6.8337,12.0455
ORB,BRISK,22,422,77,6.80636,10.949
ORB,BRISK,25,446,70,7.14768,15.1877
ORB,BRISK,26,433,89,9.97707,22.0788
ORB,BRISK,27,491,83,7.06,-inf
ORB,BRISK,28,506,100,12.6681,-inf
ORB,BRISK,28,506,200,nan,-inf
ORB,BRISK,29,441,85,7.25063,-inf
ORB,BRISK,32,573,82,10.9404,21.4424
ORB,BRISK,33,544,79,9.22618,-inf
ORB,BRISK,34,591,56,7.60959,19.0726
ORB,BRISK,35,582,55,6.59279,8.00756
ORB,BRISK,36,455,56,10.6294,10.1942
ORB,BRISK,37,476,44,7.22569,5.91143
ORB,BRISK,38,575,88,4.99238,12.6547
ORB,BRISK,39,603,95,5.47658,-inf
ORB,BRISK,40,634,103,5.20724,67.8496
ORB,BRISK,41,579,106,5.16145,210.304
ORB,BRISK,42,574,99,5.9427,11.3117
ORB,BRISK,43,438,88,13.8227,305.602
ORB,BRISK,44,481,92,4.738,-inf
ORB,BRISK,45,564,98,5.60845,20.5568
ORB,BRISK,46,494,95,6.54998,-inf
ORB,BRISK,47,500,100,6.95384,-inf
ORB,BRISK,48,529,110,14.9666,-inf
ORB,BRISK,48,529,220,nan,-inf
ORB,BRISK,49,468,101,-149.754,-113.741
ORB,BRISK,49,468,202,nan,-136.574
ORB,BRISK,50,391,97,20.3229,-inf
ORB,BRISK,50,391,194,nan,-inf
ORB,BRISK,51,393,106,29.706,-inf
ORB,BRISK,51,393,212,2.3088,-inf
ORB,BRISK,52,396,109,24.656,-inf
ORB,BRISK,52,396,218,nan,-inf
ORB,BRISK,53,411,107,29.486,-166.778
ORB,BRISK,53,411,214,2.32789,-185.739
ORB,BRISK,54,420,107,110.483,-inf
ORB,BRISK,54,420,214,2.41475,-inf
ORB,BRISK,55,419,94,-18.5127,-20.545
ORB,BRISK,55,419,188,nan,-20.2179
ORB,BRISK,56,440,99,18.4127,-inf
ORB,BRISK,56,440,198,2.31361,-inf
ORB,BRISK,57,448,102,-23.3578,-inf
ORB,BRISK,57,448,204,2.61059,-inf
ORB,BRISK,58,417,102,-40.4466,-inf
ORB,BRISK,58,417,204,2.64821,-inf
ORB,BRISK,59,452,102,13.8031,-inf
ORB,BRISK,59,452,204,2.44033,-inf
ORB,BRISK,60,416,108,-15.3309,-inf
ORB,BRISK,60,416,216,2.85,-inf
ORB,BRISK,61,408,99,88.818,-inf
ORB,BRISK,61,408,198,3.28962,-inf
ORB,BRISK,62,440,103,18.404,-inf
ORB,BRISK,62,440,206,2.31257,-inf
ORB,BRISK,63,427,108,147.144,-inf
ORB,BRISK,63,427,216,2.59647,-inf
ORB,BRISK,64,418,105,-220.816,-inf
ORB,BRISK,64,418,210,2.45333,-inf
ORB,BRISK,65,444,106,-20.1724,-inf
ORB,BRISK,65,444,212,2.62604,-inf
ORB,BRISK,66,426,106,15.7498,-inf
ORB,BRISK,66,426,212,2.60947,-inf
ORB,BRISK,67,434,106,-63.1003,-inf
ORB,BRISK,67,434,212,2.36203,-inf
ORB,BRISK,68,434,102,-110.52,-inf
ORB,BRISK,68,434,204,2.85225,-inf
ORB,BRISK,69,428,107,-18.5207,-inf
ORB,BRISK,69,428,214,2.88637,-inf
ORB,BRISK,70,426,106,22.125,-inf
ORB,BRISK,70,426,212,2.63393,-inf
ORB,BRISK,71,442,108,29.3993,-inf
ORB,BRISK,71,442,216,2.45,-inf
ORB,BRISK,72,443,103,88.1064,-inf
ORB,BRISK,72,443,206,2.47472,-inf
ORB,BRISK,73,422,108,-220.366,-inf
ORB,BRISK,73,422,216,2.2035,-inf
ORB,BRISK,74,409,107,-88.238,-inf
ORB,BRISK,74,409,214,2.61066,-inf
ORB,BRISK,75,426,104,-147.177,-inf
ORB,BRISK,75,426,208,2.38649,-inf
ORB,BRISK,76,437,117,73.4828,-inf
ORB,BRISK,76,437,234,2.27268,-inf
ORB,BRISK,77,13,117,nan,-inf
ORB,BRISK,77,13,234,nan,-inf
ORB,ORB,21,389,60,6.8337,15.3948
ORB,ORB,22,422,66,6.80636,8.89703
ORB,ORB,25,446,69,7.14768,230.701
ORB,ORB,26,433,76,9.97707,39.9511
ORB,ORB,27,491,75,7.06,67.7548
ORB,ORB,28,506,87,12.6681,45.1971
ORB,ORB,28,506,174,nan,42.5883
ORB,ORB,29,441,72,7.25063,-inf
ORB,ORB,32,573,68,10.9404,38.774
ORB,ORB,33,544,69,9.22618,-inf
ORB,ORB,34,591,43,7.60959,14.0717
ORB,ORB,35,582,52,6.59279,8.84722
ORB,ORB,36,455,54,10.6294,10.2035
ORB,ORB,37,476,44,7.22569,7.21722
ORB,ORB,38,575,75,4.99238,12.4239
ORB,ORB,39,603,87,5.47658,43.1793
ORB,ORB,40,634,102,5.20724,25.915
ORB,ORB,41,579,98,5.16145,21.4391
ORB,ORB,42,574,98,5.9427,12.9696
ORB,ORB,43,438,87,13.8227,13.416
ORB,ORB,44,481,101,4.738,65.3146
ORB,ORB,45,564,100,5.60845,11.5934
ORB,ORB,46,494,97,6.54998,-inf
ORB,ORB,47,500,109,6.95384,-inf
ORB,ORB,48,529,110,14.9666,-inf
ORB,ORB,48,529,220,nan,-inf
ORB,ORB,49,468,102,-149.754,-inf
ORB,ORB,49,468,204,nan,-inf
ORB,ORB,50,391,100,20.3229,-inf
ORB,ORB,50,391,200,nan,-inf
ORB,ORB,51,393,115,29.706,-inf
ORB,ORB,51,393,230,2.3088,-inf
ORB,ORB,52,396,121,24.656,-inf
ORB,ORB,52,396,242,nan,-inf
ORB,ORB,53,411,124,29.486,-inf
ORB,ORB,53,411,248,2.32789,-inf
ORB,ORB,54,420,118,110.483,-inf
ORB,ORB,54,420,236,2.41475,-inf
ORB,ORB,55,419,98,-18.5127,-51.3299
ORB,ORB,55,419,196,nan,-51.3948
ORB,ORB,56,440,105,18.4127,-inf
ORB,ORB,56,440,210,2.31361,-inf
ORB,ORB,57,448,107,-23.3578,-inf
ORB,ORB,57,448,214,2.61059,-inf
ORB,ORB,58,417,113,-40.4466,-inf
ORB,ORB,58,417,226,2.64821,-inf
ORB,ORB,59,452,114,13.8031,-inf
ORB,ORB,59,452,228,2.44033,-inf
ORB,ORB,60,416,113,-15.3309,-inf
ORB,ORB,60,416,226,2.85,-inf
ORB,ORB,61,408,112,88.818,-inf
ORB,ORB,61,408,224,3.28962,-inf
ORB,ORB,62,440,111,18.404,-inf
ORB,ORB,62,440,222,2.31257,-inf
ORB,ORB,63,427,122,147.144,-inf
ORB,ORB,63,427,244,2.59647,-inf
ORB,ORB,64,418,119,-220.816,-inf
ORB,ORB,64,418,238,2.45333,-inf
ORB,ORB,65,444,118,-20.1724,-inf
ORB,ORB,65,444,236,2.62604,-inf
ORB,ORB,66,426,121,15.7498,-inf
ORB,ORB,66,426,242,2.60947,-inf
ORB,ORB,67,434,122,-63.1003,-inf
ORB,ORB,67,434,244,2.36203,-inf
ORB,ORB,68,434,116,-110.52,-inf
ORB,ORB,68,434,232,2.85225,-inf
ORB,ORB,69,428,123,-18.5207,-inf
ORB,ORB,69,428,246,2.88637,-inf
ORB,ORB,70,426,126,22.125,-inf
ORB,ORB,70,426,252,2.63393,-inf
ORB,ORB,71,442,121,29.3993,-inf
ORB,ORB,71,442,242,2.45,-inf
ORB,ORB,72,443,118,88.1064,-inf
ORB,ORB,72,443,236,2.47472,-inf
ORB,ORB,73,422,122,-220.366,-inf
ORB,ORB,73,422,244,2.2035,-inf
ORB,ORB,74,409,124,-88.238,-inf
ORB,ORB,74,409,248,2.61066,-inf
ORB,ORB,75,426,123,-147.177,-inf
ORB,ORB,75,426,246,2.38649,-inf
ORB,ORB,76,437,132,73.4828,-inf
ORB,ORB,76,437,264,2.27268,-inf
ORB,ORB,77,13,134,nan,-inf
ORB,ORB,77,13,268,nan,-inf
ORB,SIFT,21,389,59,6.8337,9.73833
ORB,SIFT,22,422,72,6.80636,10.436
ORB,SIFT,25,446,82,7.14768,14.6822
ORB,SIFT,26,433,83,9.97707,-inf
ORB,SIFT,27,491,89,7.06,-inf
ORB,SIFT,28,506,97,12.6681,-76.6514
ORB,SIFT,28,506,194,nan,-76.6514
ORB,SIFT,29,441,80,7.25063,-31.6482
ORB,SIFT,32,573,64,10.9404,-inf
ORB,SIFT,33,544,62,9.22618,-inf
ORB,SIFT,34,591,50,7.60959,22.4007
ORB,SIFT,35,582,52,6.59279,10.023
ORB,SIFT,36,455,51,10.6294,11.4767
ORB,SIFT,37,476,46,7.22569,7.00541
ORB,SIFT,38,575,83,4.99238,11.0605
ORB,SIFT,39,603,95,5.47658,-inf
ORB,SIFT,40,634,102,5.20724,34.4067
ORB,SIFT,41,579,107,5.16145,-inf
ORB,SIFT,42,574,107,5.9427,12.6196
ORB,SIFT,43,438,101,13.8227,56.5195
ORB,SIFT,44,481,101,4.738,27.4637
ORB,SIFT,45,564,105,5.60845,13.8554
ORB,SIFT,46,494,98,6.54998,-inf
ORB,SIFT,47,500,114,6.95384,-inf
ORB,SIFT,48,529,114,14.9666,-inf
ORB,SIFT,48,529,228,nan,-inf
ORB,SIFT,49,468,104,-149.754,-inf
ORB,SIFT,49,468,208,nan,-inf
ORB,SIFT,50,391,107,20.3229,-inf
ORB,SIFT,50,391,214,nan,-inf
ORB,SIFT,51,393,111,29.706,-inf
ORB,SIFT,51,393,222,2.3088,-inf
ORB,SIFT,52,396,119,24.656,-inf
ORB,SIFT,52,396,238,nan,-inf
ORB,SIFT,53,411,120,29.486,-inf
ORB,SIFT,53,411,240,2.32789,-inf
ORB,SIFT,54,420,116,110.483,-inf
ORB,SIFT,54,420,232,2.41475,-inf
ORB,SIFT,55,419,99,-18.5127,-39.8638
ORB,SIFT,55,419,198,nan,-40.4411
ORB,SIFT,56,440,110,18.4127,-inf
ORB,SIFT,56,440,220,2.31361,-inf
ORB,SIFT,57,448,111,-23.3578,-inf
ORB,SIFT,57,448,222,2.61059,-inf
ORB,SIFT,58,417,109,-40.4466,-inf
ORB,SIFT,58,417,218,2.64821,-inf
ORB,SIFT,59,452,114,13.8031,-inf
ORB,SIFT,59,452,228,2.44033,-inf
ORB,SIFT,60,416,111,-15.3309,-inf
ORB,SIFT,60,416,222,2.85,-inf
ORB,SIFT,61,408,106,88.818,-inf
ORB,SIFT,61,408,212,3.28962,-inf
ORB,SIFT,62,440,115,18.404,-inf
ORB,SIFT,62,440,230,2.31257,-inf
ORB,SIFT,63,427,117,147.144,-inf
ORB,SIFT,63,427,234,2.59647,-inf
ORB,SIFT,64,418,110,-220.816,-inf
ORB,SIFT,64,418,220,2.45333,-inf
ORB,SIFT,65,444,114,-20.1724,-inf
ORB,SIFT,65,444,228,2.62604,-inf
ORB,SIFT,66,426,116,15.7498,-inf
ORB,SIFT,66,426,232,2.60947,-inf
ORB,SIFT,67,434,116,-63.1003,-inf
ORB,SIFT,67,434,232,2.36203,-inf
ORB,SIFT,68,434,116,-110.52,-inf
ORB,SIFT,68,434,232,2.85225,-inf
ORB,SIFT,69,428,117,-18.5207,-inf
ORB,SIFT,69,428,234,2.88637,-inf
ORB,SIFT,70,426,115,22.125,-inf
ORB,SIFT,70,426,230,2.63393,-inf
ORB,SIFT,71,442,117,29.3993,-inf
ORB,SIFT,71,442,234,2.45,-inf
ORB,SIFT,72,443,112,88.1064,-inf
ORB,SIFT,72,443,224,2.47472,-inf
ORB,SIFT,73,422,111,-220.366,-inf
ORB,SIFT,73,422,222,2.2035,-inf
ORB,SIFT,74,409,114,-88.238,-inf
ORB,SIFT,74,409,228,2.61066,-inf
ORB,SIFT,75,426,114,-147.177,-inf
ORB,SIFT,75,426,228,2.38649,-inf
ORB,SIFT,76,437,124,73.4828,-inf
ORB,SIFT,76,437,248,2.27268,-inf
ORB,SIFT,77,13,128,nan,-inf
ORB,SIFT,77,13,256,nan,-inf
AKAZE,AKAZE,21,389,118,6.8337,8.44902
AKAZE,AKAZE,22,422,137,6.80636,8.40758
AKAZE,AKAZE,25,446,141,7.14768,8.99109
AKAZE,AKAZE,26,433,161,9.97707,10.8069
AKAZE,AKAZE,27,491,163,7.06,10.4689
AKAZE,AKAZE,28,506,156,12.6681,10.3581
AKAZE,AKAZE,28,506,312,nan,10.366
AKAZE,AKAZE,29,441,145,7.25063,9.42654
AKAZE,AKAZE,32,573,158,10.9404,11.5391
AKAZE,AKAZE,33,544,156,9.22618,10.6918
AKAZE,AKAZE,34,591,152,7.60959,9.63005
AKAZE,AKAZE,35,582,142,6.59279,8.64892
AKAZE,AKAZE,36,455,142,10.6294,7.55923
AKAZE,AKAZE,37,476,136,7.22569,7.63231
AKAZE,AKAZE,38,575,191,4.99238,9.92955
AKAZE,AKAZE,39,603,199,5.47658,10.7763
AKAZE,AKAZE,40,634,207,5.20724,8.50855
AKAZE,AKAZE,41,579,199,5.16145,9.62305
AKAZE,AKAZE,42,574,198,5.9427,7.68906
AKAZE,AKAZE,43,438,202,13.8227,8.77479
AKAZE,AKAZE,44,481,196,4.738,10.4722
AKAZE,AKAZE,45,564,190,5.60845,8.87063
AKAZE,AKAZE,46,494,191,6.54998,10.3322
AKAZE,AKAZE,47,500,202,6.95384,10.2779
AKAZE,AKAZE,48,529,178,14.9666,11.8383
AKAZE,AKAZE,48,529,356,nan,11.8528
AKAZE,AKAZE,49,468,202,-149.754,15.0666
AKAZE,AKAZE,49,468,404,nan,15.1141
AKAZE,AKAZE,50,391,212,20.3229,17.4786
AKAZE,AKAZE,50,391,424,nan,17.4853
AKAZE,AKAZE,51,393,198,29.706,23.8292
AKAZE,AKAZE,51,393,396,2.3088,23.865
AKAZE,AKAZE,52,396,209,24.656,40.2304
AKAZE,AKAZE,52,396,418,nan,40.3079
AKAZE,AKAZE,53,411,214,29.486,133.511
AKAZE,AKAZE,53,411,428,2.32789,133.604
AKAZE,AKAZE,54,420,230,110.483,-103.212
AKAZE,AKAZE,54,420,460,2.41475,-103.212
AKAZE,AKAZE,55,419,211,-18.5127,-72.0565
AKAZE,AKAZE,55,419,422,nan,-72.1578
AKAZE,AKAZE,56,440,212,18.4127,-3787.62
AKAZE,AKAZE,56,440,424,2.31361,-3541.5
AKAZE,AKAZE,57,448,223,-23.3578,-533.568
AKAZE,AKAZE,57,448,446,2.61059,-539.413
AKAZE,AKAZE,58,417,209,-40.4466,-129.347
AKAZE,AKAZE,58,417,418,2.64821,-129.347
AKAZE,AKAZE,59,452,224,13.8031,-331.603
AKAZE,AKAZE,59,452,448,2.44033,-333.281
AKAZE,AKAZE,60,416,228,-15.3309,-339.81
AKAZE,AKAZE,60,416,456,2.85,-338.793
AKAZE,AKAZE,61,408,216,88.818,-370.964
AKAZE,AKAZE,61,408,432,3.28962,-371.309
AKAZE,AKAZE,62,440,226,18.404,-270.925
AKAZE,AKAZE,62,440,452,2.31257,-273.035
AKAZE,AKAZE,63,427,239,147.144,-383.272
AKAZE,AKAZE,63,427,478,2.59647,-383.438
AKAZE,AKAZE,64,418,227,-220.816,-305.961
AKAZE,AKAZE,64,418,454,2.45333,-306.13
AKAZE,AKAZE,65,444,231,-20.1724,-374.756
AKAZE,AKAZE,65,444,462,2.62604,-374.756
AKAZE,AKAZE,66,426,239,15.7498,-246.488
AKAZE,AKAZE,66,426,478,2.60947,-246.711
AKAZE,AKAZE,67,434,232,-63.1003,-308.852
AKAZE,AKAZE,67,434,464,2.36203,-307.824
AKAZE,AKAZE,68,434,232,-110.52,-538.685
AKAZE,AKAZE,68,434,464,2.85225,-540.716
AKAZE,AKAZE,69,428,237,-18.5207,-533.144
AKAZE,AKAZE,69,428,474,2.88637,-533.575
AKAZE,AKAZE,70,426,243,22.125,-240.487
AKAZE,AKAZE,70,426,486,2.63393,-240.487
AKAZE,AKAZE,71,442,247,29.3993,-1179.38
AKAZE,AKAZE,71,442,494,2.45,-1181.26
AKAZE,AKAZE,72,443,255,88.1064,2288.52
AKAZE,AKAZE,72,443,510,2.47472,2271.01
AKAZE,AKAZE,73,422,245,-220.366,-2142.15
AKAZE,AKAZE,73,422,490,2.2035,-2177.77
AKAZE,AKAZE,74,409,249,-88.238,1501.55
AKAZE,AKAZE,74,409,498,2.61066,1497.25
AKAZE,AKAZE,75,426,248,-147.177,1635.28
AKAZE,AKAZE,75,426,496,2.38649,1655.55
AKAZE,AKAZE,76,437,254,73.4828,3489.76
AKAZE,AKAZE,76,437,508,2.27268,3496.65
AKAZE,AKAZE,77,13,255,nan,-1248.88
AKAZE,AKAZE,77,13,510,nan,-1207.91
SIFT,BRIEF,21,389,78,6.8337,11.4375
SIFT,BRIEF,22,422,95,6.80636,10.5077
SIFT,BRIEF,25,446,78,7.14768,11.0757
SIFT,BRIEF,26,433,101,9.97707,9.16413
SIFT,BRIEF,27,491,111,7.06,10.3058
SIFT,BRIEF,28,506,104,12.6681,9.80879
SIFT,BRIEF,28,506,208,nan,9.81386
SIFT,BRIEF,29,441,94,7.25063,10.9755
SIFT,BRIEF,32,573,123,10.9404,14.9928
SIFT,BRIEF,33,544,99,9.22618,11.3699
SIFT,BRIEF,34,591,106,7.60959,10.4127
SIFT,BRIEF,35,582,102,6.59279,9.42017
SIFT,BRIEF,36,455,115,10.6294,8.13034
SIFT,BRIEF,37,476,106,7.22569,10.55
SIFT,BRIEF,38,575,141,4.99238,8.29547
SIFT,BRIEF,39,603,143,5.47658,7.87204
SIFT,BRIEF,40,634,137,5.20724,8.6607
SIFT,BRIEF,41,579,119,5.16145,8.02334
SIFT,BRIEF,42,574,126,5.9427,6.89588
SIFT,BRIEF,43,438,125,13.8227,7.01535
SIFT,BRIEF,44,481,126,4.738,8.31308
SIFT,BRIEF,45,564,132,5.60845,8.06813
SIFT,BRIEF,46,494,134,6.54998,8.44657
SIFT,BRIEF,47,500,132,6.95384,8.82151
SIFT,BRIEF,48,529,128,14.9666,11.7923
SIFT,BRIEF,48,529,256,nan,11.8585
SIFT,BRIEF,49,468,146,-149.754,12.8736
SIFT,BRIEF,49,468,292,nan,12.8439
SIFT,BRIEF,50,391,161,20.3229,15.7958
SIFT,BRIEF,50,391,322,nan,15.8235
SIFT,BRIEF,51,393,131,29.706,18.2329
SIFT,BRIEF,51,393,262,2.3088,18.1858
SIFT,BRIEF,52,396,126,24.656,35.8545
SIFT,BRIEF,52,396,252,nan,35.9998
SIFT,BRIEF,53,411,147,29.486,77.3121
SIFT,BRIEF,53,411,294,2.32789,77.1607
SIFT,BRIEF,54,420,166,110.483,-90.4475
SIFT,BRIEF,54,420,332,2.41475,-90.9827
SIFT,BRIEF,55,419,145,-18.5127,-86.2073
SIFT,BRIEF,55,419,290,nan,-87.5437
SIFT,BRIEF,56,440,147,18.4127,292.598
SIFT,BRIEF,56,440,294,2.31361,294.954
SIFT,BRIEF,57,448,123,-23.3578,-2462.2
SIFT,BRIEF,57,448,246,2.61059,-3194.56
SIFT,BRIEF,58,417,149,-40.4466,-263.011
SIFT,BRIEF,58,417,298,2.64821,-260.579
SIFT,BRIEF,59,452,146,13.8031,-310.49
SIFT,BRIEF,59,452,292,2.44033,-312.563
SIFT,BRIEF,60,416,152,-15.3309,-572.2
SIFT,BRIEF,60,416,304,2.85,-543.404
SIFT,BRIEF,61,408,156,88.818,-492.13
SIFT,BRIEF,61,408,312,3.28962,-464.971
SIFT,BRIEF,62,440,143,18.404,930.315
SIFT,BRIEF,62,440,286,2.31257,1073.77
SIFT,BRIEF,63,427,138,147.144,-339.566
SIFT,BRIEF,63,427,276,2.59647,-333.306
SIFT,BRIEF,64,418,135,-220.816,-341.397
SIFT,BRIEF,64,418,270,2.45333,-344.268
SIFT,BRIEF,65,444,136,-20.1724,-803.262
SIFT,BRIEF,65,444,272,2.62604,-768.07
SIFT,BRIEF,66,426,134,15.7498,-252.983
SIFT,BRIEF,66,426,268,2.60947,-252.028
SIFT,BRIEF,67,434,139,-63.1003,-442.768
SIFT,BRIEF,67,434,278,2.36203,-442.676
SIFT,BRIEF,68,434,136,-110.52,5690.91
SIFT,BRIEF,68,434,272,2.85225,5690.91
SIFT,BRIEF,69,428,149,-18.5207,-692.622
SIFT,BRIEF,69,428,298,2.88637,-667.631
SIFT,BRIEF,70,426,146,22.125,-380.499
SIFT,BRIEF,70,426,292,2.63393,-378.032
SIFT,BRIEF,71,442,153,29.3993,-2135.72
SIFT,BRIEF,71,442,306,2.45,-2165.84
SIFT,BRIEF,72,443,155,88.1064,662.755
SIFT,BRIEF,72,443,310,2.47472,671.669
SIFT,BRIEF,73,422,141,-220.366,-2819.95
SIFT,BRIEF,73,422,282,2.2035,-2955.01
SIFT,BRIEF,74,409,145,-88.238,2052.33
SIFT,BRIEF,74,409,290,2.61066,2052.33
SIFT,BRIEF,75,426,138,-147.177,-3704.25
SIFT,BRIEF,75,426,276,2.38649,-3369.8
SIFT,BRIEF,76,437,156,73.4828,1519.47
SIFT,BRIEF,76,437,312,2.27268,1542.86
SIFT,BRIEF,77,13,162,nan,-659.297
SIFT,BRIEF,77,13,324,nan,-637.337
SIFT,FREAK,21,389,60,6.8337,8.57593
SIFT,FREAK,22,422,86,6.80636,9.37749
SIFT,FREAK,25,446,66,7.14768,10.7538
SIFT,FREAK,26,433,91,9.97707,10.2473
SIFT,FREAK,27,491,88,7.06,9.21195
SIFT,FREAK,28,506,90,12.6681,14.0946
SIFT,FREAK,28,506,180,nan,14.3956
SIFT,FREAK,29,441,77,7.25063,11.458
SIFT,FREAK,32,573,99,10.9404,16.0698
SIFT,FREAK,33,544,86,9.22618,12.2625
SIFT,FREAK,34,591,88,7.60959,10.1397
SIFT,FREAK,35,582,84,6.59279,9.21637
SIFT,FREAK,36,455,107,10.6294,8.71671
SIFT,FREAK,37,476,85,7.22569,9.10315
SIFT,FREAK,38,575,121,4.99238,8.83175
SIFT,FREAK,39,603,114,5.47658,7.75258
SIFT,FREAK,40,634,109,5.20724,7.44655
SIFT,FREAK,41,579,101,5.16145,7.38023
SIFT,FREAK,42,574,106,5.9427,6.73811
SIFT,FREAK,43,438,118,13.8227,8.37243
SIFT,FREAK,44,481,113,4.738,8.24244
SIFT,FREAK,45,564,119,5.60845,8.33272
SIFT,FREAK,46,494,121,6.54998,8.60154
SIFT,FREAK,47,500,111,6.95384,9.29413
SIFT,FREAK,48,529,108,14.9666,11.2159
SIFT,FREAK,48,529,216,nan,11.2874
SIFT,FREAK,49,468,131,-149.754,12.4193
SIFT,FREAK,49,468,262,nan,12.4621
SIFT,FREAK,50,391,134,20.3229,15.0609
SIFT,FREAK,50,391,268,nan,15.0808
SIFT,FREAK,51,393,120,29.706,19.4003
SIFT,FREAK,51,393,240,2.3088,19.4669
SIFT,FREAK,52,396,108,24.656,34.7504
SIFT,FREAK,52,396,216,nan,34.966
SIFT,FREAK,53,411,138,29.486,79.2426
SIFT,FREAK,53,411,276,2.32789,79.9241
SIFT,FREAK,54,420,142,110.483,-82.9845
SIFT,FREAK,54,420,284,2.41475,-81.9637
SIFT,FREAK,55,419,130,-18.5127,-71.5623
SIFT,FREAK,55,419,260,nan,-72.2991
SIFT,FREAK,56,440,134,18.4127,-44083.9
SIFT,FREAK,56,440,268,2.31361,-3456.33
SIFT,FREAK,57,448,116,-23.3578,1552.05
SIFT,FREAK,57,448,232,2.61059,1833.95
SIFT,FREAK,58,417,137,-40.4466,-209.152
SIFT,FREAK,58,417,274,2.64821,-204.12
SIFT,FREAK,59,452,124,13.8031,-232.901
SIFT,FREAK,59,452,248,2.44033,-222.987
SIFT,FREAK,60,416,142,-15.3309,-296.489
SIFT,FREAK,60,416,284,2.85,-287.366
SIFT,FREAK,61,408,141,88.818,-391.044
SIFT,FREAK,61,408,282,3.28962,-378.868
SIFT,FREAK,62,440,126,18.404,3713.12
SIFT,FREAK,62,440,252,2.31257,3291.73
SIFT,FREAK,63,427,133,147.144,-305.868
SIFT,FREAK,63,427,266,2.59647,-299.677
SIFT,FREAK,64,418,120,-220.816,-451.947
SIFT,FREAK,64,418,240,2.45333,-460.585
SIFT,FREAK,65,444,129,-20.1724,-282.811
SIFT,FREAK,65,444,258,2.62604,-282.531
SIFT,FREAK,66,426,131,15.7498,-227.942
SIFT,FREAK,66,426,262,2.60947,-223.693
SIFT,FREAK,67,434,126,-63.1003,-289.135
SIFT,FREAK,67,434,252,2.36203,-289.441
SIFT,FREAK,68,434,124,-110.52,1335.38
SIFT,FREAK,68,434,248,2.85225,1498.02
SIFT,FREAK,69,428,141,-18.5207,-425.568
SIFT,FREAK,69,428,282,2.88637,-414.15
SIFT,FREAK,70,426,136,22.125,-350.664
SIFT,FREAK,70,426,272,2.63393,-342.827
SIFT,FREAK,71,442,141,29.3993,7779.33
SIFT,FREAK,71,442,282,2.45,7779.33
SIFT,FREAK,72,443,146,88.1064,662.295
SIFT,FREAK,72,443,292,2.47472,671.669
SIFT,FREAK,73,422,139,-220.366,-1388.61
SIFT,FREAK,73,422,278,2.2035,-1290.52
SIFT,FREAK,74,409,136,-88.238,12850
SIFT,FREAK,74,409,272,2.61066,25906.7
SIFT,FREAK,75,426,134,-147.177,-1206.66
SIFT,FREAK,75,426,268,2.38649,-1137.85
SIFT,FREAK,76,437,147,73.4828,1346.18
SIFT,FREAK,76,437,294,2.27268,1372.47
SIFT,FREAK,77,13,153,nan,-532.082
SIFT,FREAK,77,13,306,nan,-541.663
SIFT,BRISK,21,389,69,6.8337,9.11194
SIFT,BRISK,22,422,90,6.80636,12.9448
SIFT,BRISK,25,446,81,7.14768,17.4646
SIFT,BRISK,26,433,91,9.97707,10.6433
SIFT,BRISK,27,491,97,7.06,9.26435
SIFT,BRISK,28,506,90,12.6681,10.5132
SIFT,BRISK,28,506,180,nan,10.5132
SIFT,BRISK,29,441,80,7.25063,10.7187
SIFT,BRISK,32,573,106,10.9404,14.01
SIFT,BRISK,33,544,89,9.22618,12.0132
SIFT,BRISK,34,591,93,7.60959,9.26922
SIFT,BRISK,35,582,88,6.59279,9.08149
SIFT,BRISK,36,455,113,10.6294,7.93306
SIFT,BRISK,37,476,88,7.22569,8.81463
SIFT,BRISK,38,575,128,4.99238,8.14403
SIFT,BRISK,39,603,127,5.47658,8.08224
SIFT,BRISK,40,634,123,5.20724,7.60066
SIFT,BRISK,41,579,105,5.16145,7.38023
SIFT,BRISK,42,574,103,5.9427,6.42698
SIFT,BRISK,43,438,120,13.8227,7.86296
SIFT,BRISK,44,481,115,4.738,8.55279
SIFT,BRISK,45,564,121,5.60845,7.76439
SIFT,BRISK,46,494,123,6.54998,8.26358
SIFT,BRISK,47,500,121,6.95384,9.19087
SIFT,BRISK,48,529,111,14.9666,10.4056
SIFT,BRISK,48,529,222,nan,10.4497
SIFT,BRISK,49,468,140,-149.754,11.9182
SIFT,BRISK,49,468,280,nan,11.8963
SIFT,BRISK,50,391,143,20.3229,15.5725
SIFT,BRISK,50,391,286,nan,15.6009
SIFT,BRISK,51,393,132,29.706,18.8898
SIFT,BRISK,51,393,264,2.3088,18.9382
SIFT,BRISK,52,396,113,24.656,33.8076
SIFT,BRISK,52,396,226,nan,33.8864
SIFT,BRISK,53,411,143,29.486,94.7068
SIFT,BRISK,53,411,286,2.32789,96.9716
SIFT,BRISK,54,420,151,110.483,-83.4517
SIFT,BRISK,54,420,302,2.41475,-82.9372
SIFT,BRISK,55,419,141,-18.5127,-84.3981
SIFT,BRISK,55,419,282,nan,-83.4759
SIFT,BRISK,56,440,133,18.4127,218.367
SIFT,BRISK,56,440,266,2.31361,218.921
SIFT,BRISK,57,448,118,-23.3578,-2451.31
SIFT,BRISK,57,448,236,2.61059,-2054.08
SIFT,BRISK,58,417,146,-40.4466,-223.006
SIFT,BRISK,58,417,292,2.64821,-222.91
SIFT,BRISK,59,452,128,13.8031,-241.175
SIFT,BRISK,59,452,256,2.44033,-241.71
SIFT,BRISK,60,416,144,-15.3309,-495.794
SIFT,BRISK,60,416,288,2.85,-504.931
SIFT,BRISK,61,408,147,88.818,-296.409
SIFT,BRISK,61,408,294,3.28962,-287.153
SIFT,BRISK,62,440,130,18.404,1598.16
SIFT,BRISK,62,440,260,2.31257,1522.36
SIFT,BRISK,63,427,135,147.144,-313.217
SIFT,BRISK,63,427,270,2.59647,-305.74
SIFT,BRISK,64,418,126,-220.816,-451.947
SIFT,BRISK,64,418,252,2.45333,-460.047
SIFT,BRISK,65,444,133,-20.1724,-401.01
SIFT,BRISK,65,444,266,2.62604,-397.782
SIFT,BRISK,66,426,133,15.7498,-245.076
SIFT,BRISK,66,426,266,2.60947,-245.076
SIFT,BRISK,67,434,133,-63.1003,-284.304
SIFT,BRISK,67,434,266,2.36203,-284.304
SIFT,BRISK,68,434,129,-110.52,906.202
SIFT,BRISK,68,434,258,2.85225,895.332
SIFT,BRISK,69,428,143,-18.5207,-410.98
SIFT,BRISK,69,428,286,2.88637,-400.768
SIFT,BRISK,70,426,140,22.125,-408.045
SIFT,BRISK,70,426,280,2.63393,-403.378
SIFT,BRISK,71,442,148,29.3993,-1799.81
SIFT,BRISK,71,442,296,2.45,-1819.72
SIFT,BRISK,72,443,150,88.1064,816.629
SIFT,BRISK,72,443,300,2.47472,836.742
SIFT,BRISK,73,422,138,-220.366,-1351.89
SIFT,BRISK,73,422,276,2.2035,-1386.1
SIFT,BRISK,74,409,137,-88.238,2151.43
SIFT,BRISK,74,409,274,2.61066,2151.43
SIFT,BRISK,75,426,134,-147.177,-5599.11
SIFT,BRISK,75,426,268,2.38649,-4419.98
SIFT,BRISK,76,437,149,73.4828,2028.06
SIFT,BRISK,76,437,298,2.27268,2044.07
SIFT,BRISK,77,13,151,nan,-760.75
SIFT,BRISK,77,13,302,nan,-777.104
SIFT,SIFT,21,389,101,6.8337,9.97892
SIFT,SIFT,22,422,116,6.80636,8.82513
SIFT,SIFT,25,446,119,7.14768,12.3365
SIFT,SIFT,26,433,115,9.97707,11.4982
SIFT,SIFT,27,491,134,7.06,10.9688
SIFT,SIFT,28,506,143,12.6681,10.8563
SIFT,SIFT,28,506,286,nan,10.9017
SIFT,SIFT,29,441,123,7.25063,11.2971
SIFT,SIFT,32,573,135,10.9404,12.2571
SIFT,SIFT,33,544,129,9.22618,11.8749
SIFT,SIFT,34,591,137,7.60959,10.5095
SIFT,SIFT,35,582,135,6.59279,8.91562
SIFT,SIFT,36,455,148,10.6294,9.55924
SIFT,SIFT,37,476,132,7.22569,9.12292
SIFT,SIFT,38,575,162,4.99238,9.47289
SIFT,SIFT,39,603,169,5.47658,9.30637
SIFT,SIFT,40,634,167,5.20724,8.41436
SIFT,SIFT,41,579,163,5.16145,9.6633
SIFT,SIFT,42,574,167,5.9427,7.60375
SIFT,SIFT,43,438,170,13.8227,7.56116
SIFT,SIFT,44,481,166,4.738,8.46669
SIFT,SIFT,45,564,167,5.60845,8.37439
SIFT,SIFT,46,494,169,6.54998,8.74251
SIFT,SIFT,47,500,171,6.95384,9.00666
SIFT,SIFT,48,529,170,14.9666,9.95144
SIFT,SIFT,48,529,340,nan,9.98177
SIFT,SIFT,49,468,194,-149.754,12.207
SIFT,SIFT,49,468,388,nan,12.2445
SIFT,SIFT,50,391,196,20.3229,14.8349
SIFT,SIFT,50,391,392,nan,14.8713
SIFT,SIFT,51,393,188,29.706,19.0905
SIFT,SIFT,51,393,376,2.3088,19.1477
SIFT,SIFT,52,396,193,24.656,31.4526
SIFT,SIFT,52,396,386,nan,31.6222
SIFT,SIFT,53,411,222,29.486,78.6842
SIFT,SIFT,53,411,444,2.32789,79.0574
SIFT,SIFT,54,420,227,110.483,-127.042
SIFT,SIFT,54,420,454,2.41475,-126.057
SIFT,SIFT,55,419,196,-18.5127,-74.935
SIFT,SIFT,55,419,392,nan,-74.4851
SIFT,SIFT,56,440,190,18.4127,345.131
SIFT,SIFT,56,440,380,2.31361,345.131
SIFT,SIFT,57,448,197,-23.3578,-797.617
SIFT,SIFT,57,448,394,2.61059,-812.113
SIFT,SIFT,58,417,189,-40.4466,-183.314
SIFT,SIFT,58,417,378,2.64821,-183.314
SIFT,SIFT,59,452,191,13.8031,-283.275
SIFT,SIFT,59,452,382,2.44033,-284.493
SIFT,SIFT,60,416,196,-15.3309,-687.591
SIFT,SIFT,60,416,392,2.85,-698.59
SIFT,SIFT,61,408,193,88.818,-223.626
SIFT,SIFT,61,408,386,3.28962,-220.874
SIFT,SIFT,62,440,186,18.404,-643.016
SIFT,SIFT,62,440,372,2.31257,-594.217
SIFT,SIFT,63,427,202,147.144,-413.742
SIFT,SIFT,63,427,404,2.59647,-408.556
SIFT,SIFT,64,418,193,-220.816,-294.089
SIFT,SIFT,64,418,386,2.45333,-288.24
SIFT,SIFT,65,444,202,-20.1724,-979.802
SIFT,SIFT,65,444,404,2.62604,-931.689
SIFT,SIFT,66,426,202,15.7498,-265.563
SIFT,SIFT,66,426,404,2.60947,-261.697
SIFT,SIFT,67,434,203,-63.1003,-307.614
SIFT,SIFT,67,434,406,2.36203,-309.58
SIFT,SIFT,68,434,208,-110.52,-5158.17
SIFT,SIFT,68,434,416,2.85225,-3769.57
SIFT,SIFT,69,428,217,-18.5207,-628.523
SIFT,SIFT,69,428,434,2.88637,-607.893
SIFT,SIFT,70,426,217,22.125,-422.642
SIFT,SIFT,70,426,434,2.63393,-420.487
SIFT,SIFT,71,442,216,29.3993,-755.077
SIFT,SIFT,71,442,432,2.45,-761.5
SIFT,SIFT,72,443,212,88.1064,1041.08
SIFT,SIFT,72,443,424,2.47472,1098
SIFT,SIFT,73,422,212,-220.366,-1148.48
SIFT,SIFT,73,422,424,2.2035,-1096.09
SIFT,SIFT,74,409,218,-88.238,2745.09
SIFT,SIFT,74,409,436,2.61066,2919.79
SIFT,SIFT,75,426,211,-147.177,5400.81
SIFT,SIFT,75,426,422,2.38649,6036.3
SIFT,SIFT,76,437,231,73.4828,-67501.9
SIFT,SIFT,76,437,462,2.27268,-49244
SIFT,SIFT,77,13,232,nan,-556.571
SIFT,SIFT,77,13,464,nan,-546.764
